week_date,bpi_5tc,bci_5tc,bdi,vlsfo_sgp_usd_t,usd_inr,cyclone_dummy,port_congestion_paradip_days,red_sea_disruption,freight_rate_usd_t,route_key,vessel_class,data_source,bpi_5tc_lag1,bpi_5tc_lag2,bpi_5tc_lag3,bpi_5tc_lag4,bpi_5tc_lag8,bpi_5tc_lag12,bci_5tc_lag1,bci_5tc_lag2,bci_5tc_lag3,bci_5tc_lag4,bci_5tc_lag8,bci_5tc_lag12,vlsfo_sgp_usd_t_lag1,vlsfo_sgp_usd_t_lag2,vlsfo_sgp_usd_t_lag3,vlsfo_sgp_usd_t_lag4,vlsfo_sgp_usd_t_lag8,vlsfo_sgp_usd_t_lag12,freight_rate_usd_t_lag1,freight_rate_usd_t_lag2,freight_rate_usd_t_lag3,freight_rate_usd_t_lag4,freight_rate_usd_t_lag8,freight_rate_usd_t_lag12,bpi_5tc_roll4_mean,bpi_5tc_roll4_std,bpi_5tc_roll12_mean,bpi_5tc_roll12_std,vlsfo_sgp_usd_t_roll4_mean,vlsfo_sgp_usd_t_roll4_std,vlsfo_sgp_usd_t_roll12_mean,vlsfo_sgp_usd_t_roll12_std,freight_rate_usd_t_roll4_mean,freight_rate_usd_t_roll4_std,freight_rate_usd_t_roll12_mean,freight_rate_usd_t_roll12_std,bpi_momentum_4w,bpi_momentum_12w,vlsfo_momentum_4w,bunker_bpi_interaction,usd_inr_change_4w,bpi_zscore_26w,week_of_year,month,week_sin,week_cos,prophet_pred,residual,xgb_residual_pred,ensemble_pred,p10_residual,p90_residual
2020-03-30,6442.0,7791.0,6660.0,359.9,72.58,0,2.1,0,6.0,AUS_PARADIP_PANAMAX,Panamax,synthetic_public_proxy,5887.0,5317.0,5526.0,9988.0,12971.0,12000.0,6459.0,5322.0,6079.0,13662.0,14298.0,12253.0,347.6,333.1,349.9,560.7,619.5,550.0,6.0,6.0,6.0,7.95,9.96,8.68,5793.0,492.578927685707,9416.75,2836.8634768637767,347.625,11.057840355761032,516.4666666666667,126.30808894656484,6.0,0.0,8.060833333333333,1.758643373498879,-3546.0,-5558.0,-200.80000000000007,2.0463212000000004,0.8799999999999955,-1.129748831336288,14,3,0.992708874098054,-0.1205366802553228,5.013509791768257,0.9864902082317428,0.44953352,5.463043313897316,-1.4872327663274079,0.4893623831490004
2020-04-06,6638.0,6538.0,6266.0,333.6,72.07,0,2.2,0,6.0,AUS_PARADIP_PANAMAX,Panamax,synthetic_public_proxy,6442.0,5887.0,5317.0,5526.0,11062.0,12296.0,7791.0,6459.0,5322.0,6079.0,15337.0,16293.0,359.9,347.6,333.1,349.9,615.1,600.4,6.0,6.0,6.0,6.0,8.69,9.21,6071.0,594.839474144076,8945.25,2784.5248044080404,343.54999999999995,12.805337428854957,494.23333333333335,133.46931096584328,6.0,0.0,7.793333333333333,1.811299550214172,1112.0,-5658.0,-16.299999999999955,2.3184758,0.8099999999999881,-0.9826259807793072,15,4,0.970941817426052,-0.2393156642875575,5.420846331910877,0.5791536680891234,0.3250457,5.74589203675249,-1.4872327663274079,0.4893623831490004
2020-04-13,7440.0,9588.0,7927.0,337.9,72.8,0,2.0,0,6.38,AUS_PARADIP_PANAMAX,Panamax,synthetic_public_proxy,6638.0,6442.0,5887.0,5317.0,10000.0,11303.0,6538.0,7791.0,6459.0,5322.0,11729.0,12777.0,333.6,359.9,347.6,333.1,603.5,623.2,6.0,6.0,6.0,6.0,8.67,8.77,6601.75,643.0046008129862,8623.333333333334,2709.454669497278,344.75,11.674616339170766,470.4583333333333,133.8178304353506,6.095000000000001,0.1899999999999445,7.594166666666667,1.8254885190910772,2123.0,-3863.0,4.7999999999999545,2.2144368,1.5300000000000011,-0.6641584394815276,16,4,0.9350162426854148,-0.3546048870425354,5.864339915744533,0.515660084255467,0.3464524,6.210792300931682,-1.4872327663274079,0.4893623831490004
2020-04-20,7877.0,8558.0,7756.0,361.9,72.95,0,2.6,0,6.66,AUS_PARADIP_PANAMAX,Panamax,synthetic_public_proxy,7440.0,6638.0,6442.0,5887.0,10177.0,12032.0,9588.0,6538.0,7791.0,6459.0,12176.0,15933.0,337.9,333.6,359.9,347.6,567.2,617.5,6.38,6.0,6.0,6.0,8.13,11.35,7099.25,674.7183980496366,8277.083333333334,2490.9276643025737,348.32500000000005,14.648862299401625,449.1583333333333,128.52262240437275,6.26,0.3212475680841495,7.203333333333333,1.4009693613763134,1990.0,-4155.0,14.299999999999956,2.513976,1.5300000000000011,-0.4866097866732503,17,4,0.8854560256532099,-0.4647231720437685,6.226224835893473,0.4337751641065273,0.26347047,6.489695306798777,0.1695367973081896,0.4521020692461317
2020-04-27,7486.0,9600.0,7957.0,387.4,73.22,0,2.4,0,6.0,AUS_PARADIP_PANAMAX,Panamax,synthetic_public_proxy,7877.0,7440.0,6638.0,6442.0,9988.0,12971.0,8558.0,9588.0,6538.0,7791.0,13662.0,14298.0,361.9,337.9,333.6,359.9,560.7,619.5,6.66,6.38,6.0,6.0,7.95,9.96,7360.25,519.8874076823441,7820.0,2007.662231642472,355.2,24.816526751343712,429.8166666666666,117.55359190470097,6.26,0.3212475680841495,6.873333333333334,1.1334527566313275,1044.0,-5485.0,27.5,2.8506863,0.6400000000000006,-0.6068680627786939,18,4,0.8229838658936565,-0.5680647467311557,6.187184150909614,-0.18718415090961393,0.08626973,6.273453879749011,-0.09638924822207962,0.42381719696061426
2020-05-04,7868.0,6262.0,6832.0,412.6,73.35,0,2.6,0,6.66,AUS_PARADIP_PANAMAX,Panamax,synthetic_public_proxy,7486.0,7877.0,7440.0,6638.0,5526.0,11062.0,9600.0,8558.0,9588.0,6538.0,6079.0,15337.0,387.4,361.9,337.9,333.6,349.9,615.1,6.0,6.66,6.38,6.0,6.0,8.69,7667.75,237.19805367386093,7553.833333333333,1731.509789609965,374.94999999999993,32.22592124362226,412.94166666666666,102.05017890798386,6.425000000000001,0.3125699921617261,6.704166666666667,0.9785746437208244,1230.0,-3194.0,79.0,2.9000764,1.2800000000000011,-0.4468327153198927,19,5,0.7485107481711013,-0.663122658240795,6.594610311049745,0.06538968895025477,0.0801378,6.674748107749746,-0.14410099374937868,0.3955323246750968
2020-05-11,7425.0,7973.0,7273.0,417.0,73.63,0,3.0,0,7.03,AUS_PARADIP_PANAMAX,Panamax,synthetic_public_proxy,7868.0,7486.0,7877.0,7440.0,5317.0,10000.0,6262.0,9600.0,8558.0,9588.0,5322.0,11729.0,412.6,387.4,361.9,337.9,333.1,603.5,6.66,6.0,6.66,6.38,6.0,8.67,7664.0,242.06748370375527,7339.25,1550.944060007556,394.725,25.474349844503,397.4,82.77137186249844,6.5875,0.4287481778386737,6.5675,0.7717291682260783,-15.0,-2575.0,79.10000000000002,3.2463368000000004,0.8299999999999983,-0.5971539937674059,20,5,0.6631226582407952,-0.7485107481711012,7.5867489551410845,-0.5567489551410842,0.014923731,7.601672686006205,-0.3927414022518888,0.36724745238957945
2020-05-18,8138.0,7516.0,7482.0,403.1,73.64,0,2.7,0,7.77,AUS_PARADIP_PANAMAX,Panamax,synthetic_public_proxy,7425.0,7868.0,7486.0,7877.0,5887.0,10177.0,7973.0,6262.0,9600.0,8558.0,6459.0,12176.0,417.0,412.6,387.4,361.9,347.6,567.2,7.03,6.66,6.0,6.66,6.0,8.13,7729.25,335.69169883490986,7169.333333333333,1303.7853513612722,405.025,13.103784440641142,383.7250000000001,63.47403370312502,6.864999999999999,0.7385797181076563,6.5375000000000005,0.7099951984472762,261.0,-2039.0,41.200000000000045,3.096225,0.6899999999999977,-0.3065431139063283,21,5,0.5680647467311558,-0.8229838658936564,7.567584728839075,0.20241527116092417,0.07575644,7.6433411669155715,-0.3629195216261695,0.3389625801040619
2020-05-25,8254.0,8658.0,8003.0,386.2,74.37,0,2.7,0,7.21,AUS_PARADIP_PANAMAX,Panamax,synthetic_public_proxy,8138.0,7425.0,7868.0,7486.0,6442.0,9988.0,7516.0,7973.0,6262.0,9600.0,7791.0,13662.0,403.1,417.0,412.6,387.4,359.9,560.7,7.77,7.03,6.66,6.0,6.0,7.95,7921.25,368.2402974508193,7024.833333333333,1030.4224935197738,404.725,13.644382238371543,369.1833333333333,30.847037085750895,7.1675,0.4623400624359964,6.475833333333334,0.5997341582785376,768.0,-1734.0,-1.1999999999999886,3.2804278000000004,1.1500000000000057,-0.2531223686890724,22,5,0.464723172043769,-0.8854560256532096,7.21241093819034,-0.002410938190339884,0.0855896,7.298000540779947,-0.33309764100045014,0.31067770781854454
2020-06-01,8280.0,9359.0,8298.0,398.6,74.24,0,3.5,0,7.74,AUS_PARADIP_PANAMAX,Panamax,synthetic_public_proxy,8254.0,8138.0,7425.0,7868.0,6638.0,5526.0,8658.0,7516.0,7973.0,6262.0,6538.0,6079.0,386.2,403.1,417.0,412.6,333.6,349.9,7.21,7.77,7.03,6.66,6.0,6.0,8024.25,404.2411615195413,7254.333333333333,971.2398199614664,401.225,12.714919058601629,373.24166666666673,31.27995170693001,7.4375,0.3741100551085516,6.620833333333334,0.6792972081274161,412.0,2754.0,-14.0,3.1876948,0.8900000000000006,-0.236685366627779,23,6,0.3546048870425358,-0.9350162426854148,7.153896891564274,0.5861031084357258,0.15469411,7.30859100171938,-0.30327576037473075,0.44196376706282653
2020-06-08,7986.0,9204.0,8074.0,411.5,74.82,0,3.6,0,7.53,AUS_PARADIP_PANAMAX,Panamax,synthetic_public_proxy,8280.0,8254.0,8138.0,7425.0,7440.0,5317.0,9359.0,8658.0,7516.0,7973.0,9588.0,5322.0,398.6,386.2,403.1,417.0,337.9,333.1,7.74,7.21,7.77,7.03,6.38,6.0,8164.5,134.05844496587258,7476.75,772.5295081154411,399.85,10.554146104736525,379.775,30.305898765751788,7.5625,0.2581181899827895,6.748333333333334,0.6955682220423502,561.0,2669.0,-5.5,3.300408,1.1899999999999975,-0.3530514684609094,24,6,0.2393156642875576,-0.970941817426052,7.347323431033665,0.18267656896633522,0.0119966585,7.359320089552575,-0.27345387974901136,0.4314089982806202
2020-06-15,8986.0,10138.0,8998.0,444.1,74.6,0,3.5,0,7.56,AUS_PARADIP_PANAMAX,Panamax,synthetic_public_proxy,7986.0,8280.0,8254.0,8138.0,7877.0,5887.0,9204.0,9359.0,8658.0,7516.0,8558.0,6459.0,411.5,398.6,386.2,403.1,361.9,347.6,7.53,7.74,7.21,7.77,6.66,6.0,8376.5,427.5117932096548,7735.0,708.072543792458,410.1,24.909302144649743,387.81666666666666,33.61462975154316,7.51,0.2204540768504655,6.878333333333334,0.6887384162805283,848.0,3099.0,41.0,3.286239,0.9599999999999936,0.0791965730589497,25,6,0.120536680255323,-0.992708874098054,7.7839432360980805,-0.22394323609808087,-0.044554397,7.739388838634282,-0.26404737563753844,0.4136788947773092
2020-06-22,9017.0,9876.0,8910.0,472.8,74.64,0,3.2,0,8.53,AUS_PARADIP_PANAMAX,Panamax,synthetic_public_proxy,8986.0,7986.0,8280.0,8254.0,7486.0,6442.0,10138.0,9204.0,9359.0,8658.0,9600.0,7791.0,444.1,411.5,398.6,386.2,387.4,359.9,7.56,7.53,7.74,7.21,6.0,6.0,8567.25,515.7488891569888,7949.583333333333,669.746011333375,431.75,33.399650696777826,397.225,40.2379315616948,7.84,0.4692547282659962,7.089166666666667,0.7770042509926245,763.0,2575.0,86.60000000000002,3.9906826,0.269999999999996,0.0911321984045337,26,6,-3.216245299353273e-16,-1.0,8.644890811332543,-0.11489081133254331,-0.13401945,8.510871361979325,-0.2546408715260655,0.3959487912739982
2020-06-29,8854.0,10302.0,8990.0,471.8,74.23,0,3.5,0,7.6,AUS_PARADIP_PANAMAX,Panamax,synthetic_public_proxy,9017.0,8986.0,7986.0,8280.0,7868.0,6638.0,9876.0,10138.0,9204.0,9359.0,6262.0,6538.0,472.8,444.1,411.5,398.6,412.6,333.6,8.53,7.56,7.53,7.74,6.66,6.0,8710.75,488.30821892188936,8134.25,573.8747289656958,450.05,28.93746130307152,408.74166666666673,40.1493678956997,7.805,0.4841831609353292,7.2225,0.707262648911603,574.0,2216.0,73.19999999999999,4.263237600000001,-0.0099999999999909,0.0169655143241771,27,6,-0.1205366802553228,-0.992708874098054,9.108993412348722,-1.5089934123487225,-0.36095896,8.748034448716139,-0.5120289247547664,0.23742235268749273
2020-07-06,11485.0,11689.0,10992.0,550.7,74.51,0,3.5,0,9.11,AUS_PARADIP_PANAMAX,Panamax,synthetic_public_proxy,8854.0,9017.0,8986.0,7986.0,7425.0,7440.0,10302.0,9876.0,10138.0,9204.0,7973.0,9588.0,471.8,472.8,444.1,411.5,417.0,337.9,7.6,8.53,7.56,7.53,7.03,6.38,9585.5,1268.3039856438206,8471.333333333334,1087.3108891650847,484.85,45.87043346935737,426.475,51.42661364419296,8.2,0.7542325017305104,7.449999999999999,0.8385160051597659,3499.0,4045.0,139.20000000000005,4.1773172,-0.309999999999988,1.2590069560966866,28,7,-0.2393156642875574,-0.970941817426052,8.573735775730485,0.5362642242695141,0.109934494,8.68367026962983,-0.5120289247547664,0.37519976638562014
2020-07-13,12005.0,14998.0,12602.0,540.7,75.23,0,3.6,0,9.26,AUS_PARADIP_PANAMAX,Panamax,synthetic_public_proxy,11485.0,8854.0,9017.0,8986.0,8138.0,7877.0,11689.0,10302.0,9876.0,10138.0,7516.0,8558.0,550.7,471.8,472.8,444.1,403.1,361.9,9.11,7.6,8.53,7.56,7.77,6.66,10340.25,1637.2512279223777,8815.333333333334,1468.4014396202376,509.0,42.57565814719399,441.375,56.65282027802807,8.625,0.7523518680333932,7.666666666666667,0.9449803589429144,3019.0,4128.0,96.60000000000002,6.3247895000000005,0.6300000000000097,1.52095917467174,29,7,-0.3546048870425356,-0.9350162426854148,9.7818267232602,-0.521826723260201,-0.18531804,9.596508685392655,-0.5246398858834951,0.37519976638562014
2020-07-20,12361.0,15229.0,12890.0,546.0,75.26,0,3.8,0,10.43,AUS_PARADIP_PANAMAX,Panamax,synthetic_public_proxy,12005.0,11485.0,8854.0,9017.0,8254.0,7486.0,14998.0,11689.0,10302.0,9876.0,8658.0,9600.0,540.7,550.7,471.8,472.8,386.2,387.4,9.26,9.11,7.6,8.53,7.21,6.0,11176.25,1589.405627899939,9221.583333333334,1719.999654245913,527.3,37.22481251351996,454.5916666666667,61.23122284843864,9.1,1.161120148821822,8.035833333333333,1.08902340181328,3344.0,4875.0,73.19999999999999,6.491103500000001,0.6200000000000045,1.6241668304145338,30,7,-0.464723172043768,-0.8854560256532101,10.040972519054268,0.3890274809457317,0.049624924,10.090597442670916,-0.5246398858834951,0.40894429576195185
2020-07-27,12761.0,15312.0,13143.0,539.5,75.24,0,3.7,0,9.81,AUS_PARADIP_PANAMAX,Panamax,synthetic_public_proxy,12361.0,12005.0,11485.0,8854.0,8280.0,7868.0,15229.0,14998.0,11689.0,10302.0,9359.0,6262.0,546.0,540.7,550.7,471.8,398.6,412.6,10.43,9.26,9.11,7.6,7.74,6.66,12153.0,541.9274244152367,9629.333333333334,1936.3167628414024,544.225,5.158407376962335,465.1666666666667,64.20566858765572,9.6525,0.5993538187081298,8.298333333333334,1.1067383145846608,3907.0,4893.0,67.69999999999999,6.749106,1.009999999999991,1.7570496710702497,31,7,-0.5680647467311556,-0.8229838658936566,10.377007446908744,-0.5670074469087432,-0.2726349,10.104372553252967,-0.5246398858834951,0.40894429576195185
2020-08-03,13176.0,16058.0,13670.0,523.6,74.8,1,3.5,0,9.56,AUS_PARADIP_PANAMAX,Panamax,synthetic_public_proxy,12761.0,12361.0,12005.0,11485.0,7986.0,7425.0,15312.0,15229.0,14998.0,11689.0,9204.0,7973.0,539.5,546.0,540.7,550.7,411.5,417.0,9.81,10.43,9.26,9.11,7.53,7.03,12575.75,505.46702826857626,10108.583333333334,2049.5263514167164,537.45,9.655568341637853,474.05,64.3099808456171,9.765,0.4970915408654818,8.509166666666667,1.083902531120624,1691.0,5751.0,-27.100000000000023,6.8845595,0.289999999999992,1.9267582549375848,32,8,-0.663122658240795,-0.7485107481711013,11.400461616463783,-1.8404616164637826,-0.578481,10.82198059792054,-1.0327620961741522,0.40894429576195185
2020-08-10,15580.0,18629.0,16021.0,530.6,74.77,0,3.9,0,11.47,AUS_PARADIP_PANAMAX,Panamax,synthetic_public_proxy,13176.0,12761.0,12361.0,12005.0,8986.0,8138.0,16058.0,15312.0,15229.0,14998.0,10138.0,7516.0,523.6,539.5,546.0,540.7,444.1,403.1,9.56,9.81,10.43,9.26,7.56,7.77,13469.5,1445.8096924099889,10728.75,2479.8105178713668,534.925,9.84119742037056,484.675,62.01379795145302,10.3175,0.8509357594241138,8.8175,1.3484882107550862,3575.0,7442.0,-10.100000000000025,6.8989536000000005,-0.4600000000000079,2.548742094765005,33,8,-0.7485107481711011,-0.6631226582407952,10.744951931834699,0.725048068165302,0.3410476,11.08599954664755,-0.985729296051442,0.41786387496662525
2020-08-17,14925.0,22175.0,17079.0,517.4,74.12,1,3.3,0,10.97,AUS_PARADIP_PANAMAX,Panamax,synthetic_public_proxy,15580.0,13176.0,12761.0,12361.0,9017.0,8254.0,18629.0,16058.0,15312.0,15229.0,9876.0,8658.0,530.6,523.6,539.5,546.0,472.8,386.2,11.47,9.56,9.81,10.43,8.53,7.21,14110.5,1356.1318765764138,11284.666666666666,2618.4601419825963,527.775,9.496095688933591,495.60833333333335,54.13952443511678,10.4525,0.9151457078884736,9.130833333333332,1.3775370533431517,2564.0,6671.0,-28.600000000000023,8.266748,-1.1400000000000006,2.0271456951247324,34,8,-0.8229838658936564,-0.5680647467311559,10.97397381215566,-0.003973812155658507,0.1268951,11.10086891203397,-0.985729296051442,0.41786387496662525
2020-08-24,14201.0,15079.0,13842.0,502.1,73.79,1,3.4,0,11.38,AUS_PARADIP_PANAMAX,Panamax,synthetic_public_proxy,14925.0,15580.0,13176.0,12761.0,8854.0,8280.0,22175.0,18629.0,16058.0,15312.0,10302.0,9359.0,517.4,530.6,523.6,539.5,471.8,398.6,10.97,11.47,9.56,9.81,7.6,7.74,14470.5,1030.5210656103377,11778.083333333334,2557.9666448295625,518.425,12.145884076511686,504.2333333333333,44.70184729421317,10.845,0.8838740483425042,9.434166666666668,1.4426582681937807,1440.0,5921.0,-37.39999999999998,7.722195,-1.4499999999999886,1.6218936990774149,35,8,-0.8854560256532096,-0.4647231720437691,10.810150466387901,0.5698495336120999,0.24766509,11.057815558736953,-0.985729296051442,0.41786387496662525
2020-08-31,13217.0,14549.0,13089.0,511.7,73.97,0,3.6,0,9.86,AUS_PARADIP_PANAMAX,Panamax,synthetic_public_proxy,14201.0,14925.0,15580.0,13176.0,11485.0,7986.0,15079.0,22175.0,18629.0,16058.0,11689.0,9204.0,502.1,517.4,530.6,523.6,550.7,411.5,11.38,10.97,11.47,9.56,9.11,7.53,14480.75,1013.4154709035508,12214.0,2284.0441008319995,515.45,11.910919359984904,512.5833333333334,33.845124083720336,10.920000000000002,0.7394141825346394,9.628333333333334,1.314152567130989,41.0,5231.0,-11.900000000000034,7.130322100000001,-0.8299999999999983,1.2113357078844094,36,8,-0.9350162426854148,-0.3546048870425359,9.237102157461615,0.622897842538384,0.40085477,9.637956923830481,-0.985729296051442,0.37508087414777763
2020-09-07,13831.0,14534.0,13421.0,502.5,74.64,0,3.5,0,10.04,AUS_PARADIP_PANAMAX,Panamax,synthetic_public_proxy,13217.0,14201.0,14925.0,15580.0,12005.0,8986.0,14549.0,15079.0,22175.0,18629.0,14998.0,10138.0,511.7,502.1,517.4,530.6,540.7,444.1,9.86,11.38,10.97,11.47,9.26,7.56,14043.5,714.1678140792021,12617.75,2080.733442584829,508.425,7.447314952388536,517.45,26.50541968592981,10.5625,0.7304964065620245,9.835,1.1431972708154958,-1749.0,4845.0,-28.100000000000023,6.7631389,-0.1299999999999954,1.3068331178240635,37,9,-0.970941817426052,-0.2393156642875577,9.50862313044505,0.5313768695549488,0.277446,9.786069132213163,-0.985729296051442,0.37508087414777763
2020-09-14,15053.0,15283.0,14392.0,510.3,75.98,1,2.7,0,12.2,AUS_PARADIP_PANAMAX,Panamax,synthetic_public_proxy,13831.0,13217.0,14201.0,14925.0,12361.0,9017.0,14534.0,14549.0,15079.0,22175.0,15229.0,9876.0,502.5,511.7,502.1,517.4,546.0,472.8,10.04,9.86,11.38,10.97,10.43,8.53,14075.5,767.6932981340916,13120.75,1847.6742690597437,506.65,5.057996968504934,520.5749999999999,22.700065078000502,10.87,1.1162437009900816,10.140833333333331,1.2484059533030196,128.0,6036.0,-7.099999999999966,6.9500775,1.8599999999999997,1.572036088962963,38,9,-0.992708874098054,-0.1205366802553235,10.516859999299784,1.6831400007002149,0.5461495,11.063009491563578,-0.985729296051442,0.41786387496662525
2020-09-21,14781.0,14320.0,13858.0,518.5,75.77,0,3.3,0,9.15,AUS_PARADIP_PANAMAX,Panamax,synthetic_public_proxy,15053.0,13831.0,13217.0,14201.0,12761.0,8854.0,15283.0,14534.0,14549.0,15079.0,15312.0,10302.0,510.3,502.5,511.7,502.1,539.5,471.8,12.2,10.04,9.86,11.38,9.81,7.6,14220.5,849.6938664405351,13614.666666666666,1320.3557601394164,510.75,6.56328169948045,524.4666666666667,16.819325104465435,10.3125,1.315684232633357,10.27,1.0211134742391383,580.0,5927.0,16.399999999999977,7.681545900000001,1.9799999999999895,1.3750085400600454,39,9,-1.0,-1.8369701987210294e-16,9.966247222892793,-0.8162472228927928,-0.3775359,9.588711313478502,-1.0061698216686112,0.41786387496662525
2020-09-28,13706.0,13435.0,12912.0,490.5,76.48,0,2.8,0,8.8,AUS_PARADIP_PANAMAX,Panamax,synthetic_public_proxy,14781.0,15053.0,13831.0,13217.0,13176.0,11485.0,14320.0,15283.0,14534.0,14549.0,16058.0,11689.0,518.5,510.3,502.5,511.7,523.6,550.7,9.15,12.2,10.04,9.86,9.56,9.11,14342.75,674.2543412293805,13799.75,1137.721976343319,505.45,11.9167948711083,519.4499999999999,17.255644662755316,10.0475,1.5269877755459234,10.244166666666668,1.0564387719067656,489.0,2221.0,-21.19999999999999,7.6639485,2.510000000000005,0.9536328562941684,40,9,-0.992708874098054,0.1205366802553232,9.87286338191588,-1.0728633819158802,-0.6069173,9.265946060233905,-0.46049911088282336,0.41786387496662525
2020-10-05,12763.0,14677.0,12890.0,481.0,76.65,0,2.2,0,9.57,AUS_PARADIP_PANAMAX,Panamax,synthetic_public_proxy,13706.0,14781.0,15053.0,13831.0,15580.0,12005.0,13435.0,14320.0,15283.0,14534.0,18629.0,14998.0,490.5,518.5,510.3,502.5,530.6,540.7,8.8,9.15,12.2,10.04,11.47,9.26,14075.75,1050.7810983581053,13862.916666666666,1046.3949765598547,500.075,17.31634584239444,514.475,19.081553443527174,9.93,1.5457252882277257,10.27,1.0337311062360444,-1068.0,758.0,-21.5,6.722793,2.010000000000005,0.5838000993009598,41,10,-0.970941817426052,0.2393156642875573,9.18742791707953,0.3825720829204702,0.029993694,9.217421611355148,-0.46049911088282336,0.3777160404109314
2020-10-12,13412.0,16765.0,14083.0,519.9,76.63,0,2.3,0,9.3,AUS_PARADIP_PANAMAX,Panamax,synthetic_public_proxy,12763.0,13706.0,14781.0,15053.0,14925.0,12361.0,14677.0,13435.0,14320.0,15283.0,22175.0,15229.0,481.0,490.5,518.5,510.3,517.4,546.0,9.57,8.8,9.15,12.2,10.97,10.43,13665.5,841.5757046556572,13950.5,948.6779796595426,502.475,19.706238436936893,512.3000000000001,16.470359051117516,9.205000000000002,0.3210918871600617,10.175833333333337,1.0687074464326534,-1641.0,1051.0,9.599999999999966,6.139003,0.6499999999999915,0.742828666497984,42,10,-0.9350162426854148,0.3546048870425355,10.114736508625674,-0.814736508625673,-0.11178804,10.002948466736006,-0.6555479854355851,0.3777160404109314
2020-10-19,14170.0,15740.0,14090.0,491.1,76.88,0,2.1,0,9.27,AUS_PARADIP_PANAMAX,Panamax,synthetic_public_proxy,13412.0,12763.0,13706.0,14781.0,14201.0,12761.0,16765.0,14677.0,13435.0,14320.0,15079.0,15312.0,519.9,481.0,490.5,518.5,502.1,539.5,9.3,9.57,8.8,9.15,11.38,9.81,13512.75,589.2364409414379,14067.916666666666,872.1821596988627,495.625,16.83159231920976,508.2666666666667,15.0707020608219,9.235,0.3198437118344056,10.130833333333332,1.0965189409576035,-611.0,1409.0,-27.399999999999977,6.972898799999999,1.1099999999999994,0.9341436125919036,43,10,-0.8854560256532101,0.464723172043768,10.435941418398889,-1.165941418398889,-0.29536104,10.140580376376183,-0.8370539944481482,0.3777160404109314
2020-10-26,14701.0,15700.0,14366.0,443.8,76.96,1,3.1,0,11.06,AUS_PARADIP_PANAMAX,Panamax,synthetic_public_proxy,14170.0,13412.0,12763.0,13706.0,13217.0,13176.0,15740.0,16765.0,14677.0,13435.0,14549.0,16058.0,491.1,519.9,481.0,490.5,511.7,523.6,9.27,9.3,9.57,8.8,9.86,9.56,13761.5,850.2323211922721,14195.0,840.9516254598948,483.95,31.43379285631027,501.6166666666666,23.13705541622212,9.8,0.85076436220614,10.255833333333332,1.1109329276319817,995.0,1525.0,-46.69999999999999,6.958887,0.4799999999999897,1.045604779514417,44,10,-0.822983865893657,0.5680647467311548,11.09052506359684,-0.03052506359683882,-0.082808554,11.007716509424323,-0.8370539944481482,0.3777160404109314
2020-11-02,13826.0,17467.0,14591.0,408.7,77.06,1,2.4,0,10.98,AUS_PARADIP_PANAMAX,Panamax,synthetic_public_proxy,14701.0,14170.0,13412.0,12763.0,13831.0,15580.0,15700.0,15740.0,16765.0,14677.0,14534.0,18629.0,443.8,491.1,519.9,481.0,502.5,530.6,11.06,9.27,9.3,9.57,10.04,11.47,14027.25,545.6955042267915,14048.833333333334,722.4173854413262,465.875,49.36695082070023,491.4583333333333,33.63403196259118,10.1525,1.0023098323373003,10.215,1.0705181413264733,1063.0,-1754.0,-72.30000000000001,6.5243038,0.4099999999999966,0.6696230469211112,45,11,-0.7485107481711011,0.6631226582407952,10.307891791334605,0.6721082086653958,0.15408453,10.461976324787592,-0.6555479854355851,0.4912190308404168
2020-11-09,14006.0,17508.0,14706.0,415.7,76.92,0,2.9,0,10.28,AUS_PARADIP_PANAMAX,Panamax,synthetic_public_proxy,13826.0,14701.0,14170.0,13412.0,15053.0,14925.0,17467.0,15700.0,15740.0,16765.0,15283.0,22175.0,408.7,443.8,491.1,519.9,510.3,517.4,10.98,11.06,9.27,9.3,12.2,10.97,14175.75,377.2977383093253,13972.25,667.7330883464815,439.825,37.39744866520689,482.98333333333335,38.90334954808653,10.3975,0.8293119638190236,10.1575,1.0444931350137756,594.0,-919.0,-104.2,5.6506862,0.2900000000000062,0.6794233869132237,46,11,-0.6631226582407955,0.7485107481711007,9.864206534670162,0.41579346532983763,0.14714587,10.011352402017879,-0.6555479854355851,0.48493461789889714
2020-11-16,14050.0,15413.0,13893.0,422.5,76.32,0,1.9,0,8.53,AUS_PARADIP_PANAMAX,Panamax,synthetic_public_proxy,14006.0,13826.0,14701.0,14170.0,14781.0,14201.0,17508.0,17467.0,15700.0,15740.0,14320.0,15079.0,415.7,408.7,443.8,491.1,518.5,502.1,10.28,10.98,11.06,9.27,9.15,11.38,14145.75,382.6402792876517,13959.666666666666,664.4451319208654,422.675,15.168470588695715,476.3500000000001,42.00968503052164,10.2125,1.175113469698435,9.92,1.0650650855058736,-120.0,-151.0,-68.60000000000002,5.8222942,-0.5600000000000023,0.6385588920056356,47,11,-0.5680647467311559,0.8229838658936564,9.484622997448753,-0.9546229974487535,-0.34376147,9.140861523554634,-0.6845310780997312,0.48493461789889714
2020-11-23,14208.0,14928.0,13786.0,425.8,75.67,0,2.0,0,9.34,AUS_PARADIP_PANAMAX,Panamax,synthetic_public_proxy,14050.0,14006.0,13826.0,14701.0,13706.0,13217.0,15413.0,17508.0,17467.0,15700.0,13435.0,14549.0,422.5,415.7,408.7,443.8,490.5,511.7,8.53,10.28,10.98,11.06,8.8,9.86,14022.5,157.1103646061118,14042.25,624.1092743772032,418.175,7.588313383099688,469.1916666666666,42.75057593090694,9.7825,1.071770342315314,9.876666666666669,1.0782252533537204,-493.0,991.0,-18.0,5.936125,-1.289999999999992,0.6474783285127157,48,11,-0.4647231720437684,0.88545602565321,9.416545868711983,-0.07654586871198354,-0.10123267,9.315313198464429,-0.6845310780997312,0.48493461789889714
2020-11-30,15132.0,19176.0,15993.0,458.4,76.03,1,1.6,0,9.83,AUS_PARADIP_PANAMAX,Panamax,synthetic_public_proxy,14208.0,14050.0,14006.0,13826.0,12763.0,13831.0,14928.0,15413.0,17508.0,17467.0,14677.0,14534.0,425.8,422.5,415.7,408.7,481.0,502.5,9.34,8.53,10.28,10.98,9.57,10.04,14349.0,529.1565615833044,14150.666666666666,693.2476054226547,430.6,19.00438545880365,465.51666666666665,41.50430061688749,9.495,0.7491550796286074,9.859166666666669,1.0770368300728306,1306.0,1301.0,49.69999999999999,6.0497664,-1.0300000000000011,1.004651165016433,49,11,-0.3546048870425359,0.9350162426854148,10.251180466723806,-0.42118046672380594,-0.0729321,10.17824836493767,-0.6845310780997312,0.48493461789889714
2020-12-07,15262.0,18221.0,15682.0,404.6,75.96,0,1.0,0,9.27,AUS_PARADIP_PANAMAX,Panamax,synthetic_public_proxy,15132.0,14208.0,14050.0,14006.0,13412.0,15053.0,19176.0,14928.0,15413.0,17508.0,16765.0,15283.0,458.4,425.8,422.5,415.7,519.9,510.3,9.83,9.34,8.53,10.28,9.3,12.2,14663.0,622.2421822195373,14168.083333333334,720.0840176147813,427.825,22.410470023334835,456.7083333333333,42.34375468243291,9.2425,0.5363689650480102,9.615,0.7927111132631541,1256.0,209.0,-11.099999999999966,6.9365088,-0.960000000000008,1.042888519596182,50,12,-0.2393156642875578,0.970941817426052,9.201003382009716,0.06899661799028323,0.09319413,9.294197509092541,-0.6845310780997312,0.48493461789889714
2020-12-14,15960.0,15850.0,15118.0,419.4,75.75,0,1.6,0,8.98,AUS_PARADIP_PANAMAX,Panamax,synthetic_public_proxy,15262.0,15132.0,14208.0,14050.0,14170.0,14781.0,18221.0,19176.0,14928.0,15413.0,15740.0,14320.0,404.6,458.4,425.8,422.5,491.1,518.5,9.27,9.83,9.34,8.53,9.27,9.15,15140.5,720.1784501080258,14266.333333333334,875.0684475392708,427.05,22.707634545825996,448.45,38.70427507512456,9.355,0.3529400326778977,9.600833333333332,0.8032259767319343,1910.0,1179.0,-3.1000000000000227,6.1750052,-0.5699999999999932,1.3753936013696917,51,12,-0.1205366802553236,0.992708874098054,8.511946463043937,0.468053536956063,0.1714478,8.683394261653671,-0.6845310780997312,0.34138385858514797
2020-12-21,15865.0,18651.0,16186.0,459.9,75.81,0,1.1,0,8.84,AUS_PARADIP_PANAMAX,Panamax,synthetic_public_proxy,15960.0,15262.0,15132.0,14208.0,14701.0,13706.0,15850.0,18221.0,19176.0,14928.0,15700.0,13435.0,419.4,404.6,458.4,425.8,443.8,490.5,8.98,9.27,9.83,9.34,11.06,8.8,15554.75,418.2912661451722,14446.25,966.5550000811226,435.575,27.89126207255808,445.8999999999999,36.634683020329234,9.23,0.4382541119791955,9.604166666666666,0.7996755971055143,1657.0,2159.0,34.099999999999966,6.693624,0.1400000000000005,1.32809121314862,52,12,6.432490598706546e-16,1.0,8.19055246367201,0.6494475363279903,0.19621181,8.38676427855238,-0.6845310780997312,0.433104254887066
2020-12-28,16055.0,19263.0,16535.0,438.4,76.24,0,1.1,0,9.24,AUS_PARADIP_PANAMAX,Panamax,synthetic_public_proxy,15865.0,15960.0,15262.0,15132.0,13826.0,12763.0,18651.0,15850.0,18221.0,19176.0,17467.0,14677.0,459.9,419.4,404.6,458.4,408.7,481.0,8.84,8.98,9.27,9.83,10.98,9.57,15785.5,357.5159670093977,14720.583333333334,910.951296805441,430.5750000000001,23.94972164069527,442.35,34.949457012299135,9.0825,0.2075853238229296,9.576666666666666,0.8066015500890517,923.0,3292.0,-20.0,7.2963135,0.2099999999999937,1.595492949464048,53,12,0.1205366802553231,0.992708874098054,8.77137690949534,0.46862309050466067,0.16739596,8.93877287376021,-0.6845310780997312,0.433104254887066
2021-01-04,16692.0,17902.0,16341.0,435.0,76.38,0,3.3,0,9.47,AUS_PARADIP_PANAMAX,Panamax,synthetic_public_proxy,16055.0,15865.0,15960.0,15262.0,14006.0,13412.0,19263.0,18651.0,15850.0,18221.0,17508.0,16765.0,438.4,459.9,419.4,404.6,415.7,519.9,9.24,8.84,8.98,9.27,10.28,9.3,16143.0,374.129211191354,14993.916666666666,972.6119901241868,438.175,16.679403466554664,435.275,25.000840894948823,9.1325,0.2794488623463543,9.590833333333334,0.8027844535041017,1430.0,3280.0,30.399999999999977,7.038512,0.4200000000000017,1.980786973132325,1,1,0.120536680255323,0.992708874098054,8.843064673446088,0.6269353265539124,0.18801689,9.03108156492558,-0.6845310780997312,0.45037226417297943
2021-01-11,14660.0,17441.0,15039.0,424.0,76.13,0,0.9,0,8.23,AUS_PARADIP_PANAMAX,Panamax,synthetic_public_proxy,16692.0,16055.0,15865.0,15960.0,14050.0,14170.0,17902.0,19263.0,18651.0,15850.0,15413.0,15740.0,435.0,438.4,459.9,419.4,422.5,491.1,9.47,9.24,8.84,8.98,8.53,9.27,15818.0,849.1599770753829,15034.75,944.7639556091136,439.32499999999993,15.03049677600337,429.6833333333334,17.86555005556446,8.945,0.5431083378725354,9.504166666666666,0.8917751279262499,-1300.0,490.0,4.600000000000023,7.26102,0.3799999999999954,0.2343657839231234,2,1,0.2393156642875577,0.970941817426052,9.027994609114913,-0.7979946091149124,-0.10487182,8.923122792181758,-0.6766705384563326,0.45037226417297943
2021-01-18,14176.0,13747.0,13296.0,410.9,76.75,0,0.8,0,8.78,AUS_PARADIP_PANAMAX,Panamax,synthetic_public_proxy,14660.0,16692.0,16055.0,15865.0,14208.0,14701.0,17441.0,17902.0,19263.0,18651.0,14928.0,15700.0,424.0,435.0,438.4,459.9,425.8,443.8,8.23,9.47,9.24,8.84,9.34,11.06,15395.75,1175.300351683205,14991.0,973.34764414552,427.075,12.411654469360268,426.94166666666666,18.02596401826764,8.93,0.5477834121864844,9.314166666666669,0.7638712210996331,-1689.0,-525.0,-49.0,6.21584,0.9399999999999976,-0.2812200954039611,3,1,0.3546048870425356,0.9350162426854148,8.694773528049502,0.08522647195049693,0.1325348,8.827308330009494,-0.5583388918312412,0.45037226417297943
2021-01-25,16274.0,21548.0,17570.0,410.5,77.53,0,0.8,0,8.53,AUS_PARADIP_PANAMAX,Panamax,synthetic_public_proxy,14176.0,14660.0,16692.0,16055.0,15132.0,13826.0,13747.0,17441.0,17902.0,19263.0,19176.0,17467.0,410.9,424.0,435.0,438.4,458.4,408.7,8.78,8.23,9.47,9.24,9.83,10.98,15450.5,1220.4800967925144,15195.0,963.4659969468166,420.1,11.747623873226267,427.0916666666667,17.867159225458302,8.7525,0.5285435964358391,9.11,0.584512228661257,219.0,2448.0,-27.899999999999977,5.8249184,1.2900000000000065,1.6127581130650497,4,1,0.4647231720437685,0.8854560256532099,8.054608840979187,0.47539115902081264,0.23001042,8.284619261063186,-0.5583388918312412,0.45037226417297943
2021-02-01,16414.0,21740.0,17724.0,447.6,77.8,0,1.5,0,9.49,AUS_PARADIP_PANAMAX,Panamax,synthetic_public_proxy,16274.0,14176.0,14660.0,16692.0,15262.0,14006.0,21548.0,13747.0,17441.0,17902.0,18221.0,17508.0,410.5,410.9,424.0,435.0,404.6,415.7,8.53,8.78,8.23,9.47,9.27,10.28,15381.0,1130.8409849900788,15395.666666666666,943.878298523828,423.25,17.40277755609128,429.75,18.3838120490432,8.7575,0.5376104537674072,9.044166666666667,0.4749824558163577,-278.0,2408.0,12.600000000000025,6.680477,1.4200000000000017,1.6028132113777551,5,2,0.5680647467311558,0.8229838658936564,8.90878790132926,0.5812120986707399,0.16716988,9.075957785176497,-0.5583388918312412,0.43394319102423684
2021-02-08,17015.0,18629.0,16810.0,495.7,78.3,0,1.2,0,9.58,AUS_PARADIP_PANAMAX,Panamax,synthetic_public_proxy,16414.0,16274.0,14176.0,14660.0,15960.0,14050.0,21740.0,21548.0,13747.0,17441.0,15850.0,15413.0,447.6,410.5,410.9,424.0,419.4,422.5,9.49,8.53,8.78,8.23,8.98,8.53,15969.75,1238.2800908249037,15642.75,947.6664281754952,441.175,40.29800449981096,435.85,26.229632791246523,9.095,0.519519008314425,9.131666666666666,0.4683206619659719,2355.0,2965.0,71.69999999999999,7.3469064,2.1700000000000017,1.9698970402259348,6,2,0.6631226582407952,0.7485107481711011,9.658147892363125,-0.07814789236312514,-0.008155396,9.649992496154958,-0.5583388918312412,0.43394319102423684
2021-02-15,20270.0,24956.0,21131.0,489.4,78.92,0,1.2,0,9.39,AUS_PARADIP_PANAMAX,Panamax,synthetic_public_proxy,17015.0,16414.0,16274.0,14176.0,15865.0,14208.0,18629.0,21740.0,21548.0,13747.0,18651.0,14928.0,495.7,447.6,410.5,410.9,459.9,425.8,9.58,9.49,8.53,8.78,8.84,9.34,17493.25,1878.8662139705411,16147.916666666666,1542.412600048335,460.8,39.75047169531585,441.1499999999999,30.1472899430295,9.2475,0.4845874534075412,9.135833333333332,0.4705597891357896,6094.0,6062.0,78.5,8.4343355,2.1700000000000017,3.3787211775198225,7,2,0.7485107481711011,0.6631226582407953,9.455991130429725,-0.06599113042972427,-0.05340808,9.40258305158041,-0.29259719118112704,0.43394319102423684
2021-02-22,19838.0,15717.0,17198.0,540.9,79.49,0,1.4,0,9.52,AUS_PARADIP_PANAMAX,Panamax,synthetic_public_proxy,20270.0,17015.0,16414.0,16274.0,16055.0,15132.0,24956.0,18629.0,21740.0,21548.0,19263.0,19176.0,489.4,495.7,447.6,410.5,438.4,458.4,9.39,9.58,9.49,8.53,9.24,9.83,18384.25,1951.5953089716104,16540.083333333332,1831.752636055685,493.4,38.188916367624586,448.0249999999999,41.65088943719072,9.495,0.0793725393319916,9.11,0.4362443018643279,3564.0,4706.0,130.39999999999998,9.920138,1.9599999999999935,2.546166468000953,8,2,0.8229838658936564,0.5680647467311559,10.315540531395008,-0.7955405313950088,-0.27939332,10.036147216079762,-0.4825674458513436,0.43394319102423684
2021-03-01,22488.0,22727.0,21459.0,541.2,79.81,0,1.5,0,9.88,AUS_PARADIP_PANAMAX,Panamax,synthetic_public_proxy,19838.0,20270.0,17015.0,16414.0,16692.0,15262.0,15717.0,24956.0,18629.0,21740.0,17902.0,18221.0,540.9,489.4,495.7,447.6,435.0,404.6,9.52,9.39,9.58,9.49,9.47,9.27,19902.75,2248.086797701547,17142.25,2455.0773779696137,516.8,28.11962541239512,459.4083333333333,47.02383261000028,9.5925,0.2074246851269391,9.160833333333334,0.4889405677461034,6074.0,7226.0,93.60000000000002,10.7303742,2.010000000000005,3.054485056354945,9,3,0.8854560256532099,0.4647231720437686,10.157344179863745,-0.2773441798637446,-0.18931897,9.968025210017974,-0.4305228148674043,0.43394319102423684
2021-03-08,20508.0,22640.0,20335.0,590.1,80.12,1,1.5,0,11.85,AUS_PARADIP_PANAMAX,Panamax,synthetic_public_proxy,22488.0,19838.0,20270.0,17015.0,14660.0,15960.0,22727.0,15717.0,24956.0,18629.0,17441.0,15850.0,541.2,540.9,489.4,495.7,424.0,419.4,9.88,9.52,9.39,9.58,8.23,8.98,20776.0,1174.5421803125375,17521.25,2602.5917196308137,540.4,41.11763611882464,473.63333333333327,58.29009479761669,10.16,1.145571182132891,9.4,0.9116518474226272,3493.0,4548.0,94.40000000000003,12.170505600000002,1.8200000000000076,1.9253794176803316,10,3,0.9350162426854148,0.3546048870425355,11.638593721882309,0.21140627811769086,-0.09679673,11.541796993211712,-0.4305228148674043,0.43394319102423684
2021-03-15,20902.0,21585.0,20130.0,583.5,80.39,0,2.6,0,10.71,AUS_PARADIP_PANAMAX,Panamax,synthetic_public_proxy,20508.0,22488.0,19838.0,20270.0,14176.0,15865.0,22640.0,22727.0,15717.0,24956.0,13747.0,18651.0,590.1,541.2,540.9,489.4,410.9,459.9,11.85,9.88,9.52,9.39,8.78,8.84,20934.0,1125.260266190299,17941.0,2714.947613758782,563.925,26.55112991946025,483.9333333333333,66.0468749977596,10.49,1.0345691534804986,9.555833333333334,0.9654622852511742,632.0,5037.0,94.10000000000002,12.1017708,1.4699999999999989,1.8509764457833544,11,3,0.970941817426052,0.239315664287558,11.095281752574621,-0.3852817525746204,-0.28243524,10.812846514213263,-0.43348707570646206,0.43394319102423684
2021-03-22,22148.0,28195.0,23459.0,584.0,79.88,0,2.5,0,9.78,AUS_PARADIP_PANAMAX,Panamax,synthetic_public_proxy,20902.0,20508.0,22488.0,19838.0,16274.0,16055.0,21585.0,22640.0,22727.0,15717.0,21548.0,19263.0,583.5,590.1,541.2,540.9,410.5,438.4,10.71,11.85,9.88,9.52,8.53,9.24,21511.5,955.1940466034443,18448.75,2894.01385700646,574.7,22.533974349857857,496.0666666666666,70.16702583943186,10.555,0.9586970324351816,9.600833333333334,0.9619814620528442,2310.0,6093.0,43.10000000000002,12.196317,0.3900000000000005,2.028755464564288,12,3,0.992708874098054,0.120536680255323,10.797455267132856,-1.0174552671328563,-0.46866626,10.328789011658765,-0.542260652542965,0.39287437321646024
2021-03-29,24218.0,36165.0,27786.0,591.3,80.23,0,1.8,0,11.38,AUS_PARADIP_PANAMAX,Panamax,synthetic_public_proxy,22148.0,20902.0,20508.0,22488.0,16414.0,16692.0,28195.0,21585.0,22640.0,22727.0,21740.0,17902.0,584.0,583.5,590.1,541.2,447.6,435.0,9.78,10.71,11.85,9.88,9.49,9.47,21944.0,1669.3863143882131,19075.916666666668,3269.7858828517974,587.225,4.0475301110735655,509.0916666666666,72.27596681323507,10.93,0.898109124772724,9.76,1.0881092859551422,1730.0,7526.0,50.09999999999991,12.934432,0.4200000000000017,2.335201158439701,13,3,1.0,-1.6081226496766366e-16,11.646859524735001,-0.2668595247350005,-0.33373702,11.31312250901082,-0.542260652542965,0.39287437321646024
2021-04-05,26650.0,26822.0,25386.0,688.6,79.6,1,3.2,0,13.75,AUS_PARADIP_PANAMAX,Panamax,synthetic_public_proxy,24218.0,22148.0,20902.0,20508.0,17015.0,14660.0,36165.0,28195.0,21585.0,22640.0,18629.0,17441.0,591.3,584.0,583.5,590.1,495.7,424.0,11.38,9.78,10.71,11.85,9.58,8.23,23479.5,2517.528616189561,20075.08333333333,3611.759919997021,611.85,51.29070741047256,531.1416666666667,83.45395527783647,11.405,1.6954153866629167,10.22,1.4790598979818774,6142.0,11990.0,98.5,14.3201034,-0.5200000000000102,2.5745293224846657,14,4,0.992708874098054,-0.1205366802553228,14.700666671792735,-0.9506666717927352,-0.54664093,14.154025739232768,-0.542260652542965,0.295638553217993
2021-04-12,29409.0,29174.0,27845.0,707.4,79.24,0,2.0,0,17.08,AUS_PARADIP_PANAMAX,Panamax,synthetic_public_proxy,26650.0,24218.0,22148.0,20902.0,20270.0,14176.0,26822.0,36165.0,28195.0,21585.0,24956.0,13747.0,688.6,591.3,584.0,583.5,489.4,410.9,13.75,11.38,9.78,10.71,9.39,8.78,25606.25,3132.4672251544243,21344.5,4005.436067509876,642.825,64.24040135823167,555.85,88.36551672148205,12.9975,3.172889062037948,10.911666666666669,2.399033264892458,8507.0,15233.0,123.89999999999998,18.35119,-1.1500000000000057,2.70240698875677,15,4,0.970941817426052,-0.2393156642875575,14.817718236678122,2.2622817633218766,0.9515866,15.769304840796469,-0.4937229207103634,0.39287437321646024
2021-04-19,29506.0,34829.0,30160.0,671.1,79.89,0,2.4,0,13.59,AUS_PARADIP_PANAMAX,Panamax,synthetic_public_proxy,29409.0,26650.0,24218.0,22148.0,19838.0,16274.0,29174.0,26822.0,36165.0,28195.0,15717.0,21548.0,707.4,688.6,591.3,584.0,540.9,410.5,17.08,13.75,11.38,9.78,9.52,8.53,27445.75,2526.563459853455,22447.166666666668,4293.635095502783,664.6,51.065252373801286,577.5666666666667,81.1226269672068,13.95,2.3502765794689053,11.333333333333334,2.387019188456716,7358.0,13232.0,87.10000000000002,20.8039266,0.0100000000000051,2.3166384826512743,16,4,0.9350162426854148,-0.3546048870425354,15.183648327987463,-1.593648327987463,-0.77235055,14.411297778289587,-0.542260652542965,0.39287437321646024
2021-04-26,29335.0,39027.0,31745.0,694.5,80.32,0,2.6,0,14.3,AUS_PARADIP_PANAMAX,Panamax,synthetic_public_proxy,29506.0,29409.0,26650.0,24218.0,22488.0,16414.0,34829.0,29174.0,26822.0,36165.0,22727.0,21740.0,671.1,707.4,688.6,591.3,541.2,447.6,13.59,17.08,13.75,11.38,9.88,9.49,28725.0,1385.104328200584,23523.916666666668,4263.148504830937,690.4,15.072491499417248,598.1416666666667,76.33168600180908,14.68,1.628639514032106,11.734166666666669,2.452303030115792,5117.0,12921.0,103.20000000000005,19.8014766,0.0899999999999892,2.000589463525045,17,4,0.8854560256532099,-0.4647231720437685,15.176491595449003,-0.8764915954490018,-0.51960486,14.656886733712705,-0.542260652542965,0.39287437321646024
2021-05-03,32428.0,31391.0,30392.0,671.1,81.06,1,3.5,0,18.37,AUS_PARADIP_PANAMAX,Panamax,synthetic_public_proxy,29335.0,29506.0,29409.0,26650.0,20508.0,17015.0,39027.0,34829.0,29174.0,26822.0,22640.0,18629.0,694.5,671.1,707.4,688.6,590.1,495.7,14.3,13.59,17.08,13.75,11.85,9.58,30169.5,1507.2939328478667,24808.33333333333,4441.936275858498,686.025,18.020613197114187,612.7583333333333,71.57745275171668,15.835,2.2636622245084945,12.466666666666669,3.001618755191118,5778.0,15413.0,-17.5,20.3731575,1.460000000000008,2.238762403913052,18,5,0.8229838658936565,-0.5680647467311557,17.49975914549389,0.8702408545061111,0.59782696,18.097586103196527,-0.542260652542965,0.30104518479132525
2021-05-10,32835.0,40422.0,34228.0,645.6,80.93,1,3.0,0,18.61,AUS_PARADIP_PANAMAX,Panamax,synthetic_public_proxy,32428.0,29335.0,29506.0,29409.0,20902.0,20270.0,31391.0,39027.0,34829.0,29174.0,21585.0,24956.0,671.1,694.5,671.1,707.4,583.5,489.4,18.37,14.3,13.59,17.08,10.71,9.39,31026.0,1862.6116073943028,25855.416666666668,4745.457952004441,670.575,19.972543653726447,625.775,60.44136339536777,16.2175,2.6418349052631487,13.235,3.30698296996466,3426.0,12565.0,-61.79999999999996,21.7624308,1.690000000000012,2.030644937383813,19,5,0.7485107481711013,-0.663122658240795,17.069741351403163,1.5402586485968364,1.0338838,18.103625161446498,-0.542260652542965,0.4667404722004589
2021-05-17,30478.0,43420.0,34131.0,667.7,80.39,1,3.0,0,17.36,AUS_PARADIP_PANAMAX,Panamax,synthetic_public_proxy,32835.0,32428.0,29335.0,29506.0,22148.0,19838.0,40422.0,31391.0,39027.0,34829.0,28195.0,15717.0,645.6,671.1,694.5,671.1,584.0,540.9,18.61,18.37,14.3,13.59,9.78,9.52,31269.0,1649.4114101703033,26742.08333333333,4506.943359636265,669.725,20.01505683229525,636.3416666666666,55.1022431210354,17.16,1.982103260007768,13.888333333333334,3.280656346008518,972.0,10640.0,-3.3999999999999773,21.198276,0.5,1.5009259660601089,20,5,0.6631226582407952,-0.7485107481711012,17.653497860335044,-0.29349786033504444,-0.37733772,17.27616013636463,-0.542260652542965,0.4667404722004589
2021-05-24,28707.0,25987.0,26184.0,659.5,80.29,1,2.8,0,17.14,AUS_PARADIP_PANAMAX,Panamax,synthetic_public_proxy,30478.0,32835.0,32428.0,29335.0,24218.0,22488.0,43420.0,40422.0,31391.0,39027.0,36165.0,22727.0,667.7,645.6,671.1,694.5,591.3,541.2,17.36,18.61,18.37,14.3,11.38,9.88,31112.0,1904.9554675459797,27260.33333333333,4327.2771059310335,660.975,11.3476502707247,646.1999999999999,46.43368683108496,17.87,0.7281483365359668,14.493333333333332,3.140701523641804,-628.0,6219.0,-35.0,20.3501606,-0.0299999999999869,1.1268014912751203,21,5,0.5680647467311558,-0.8229838658936564,18.096115459508177,-0.956115459508176,-0.3757223,17.72039317042279,-0.5740723386699834,0.4667404722004589
2021-05-31,27579.0,26131.0,25621.0,660.1,80.35,0,3.2,0,15.6,AUS_PARADIP_PANAMAX,Panamax,synthetic_public_proxy,28707.0,30478.0,32835.0,32428.0,26650.0,20508.0,25987.0,43420.0,40422.0,31391.0,26822.0,22640.0,659.5,667.7,645.6,671.1,688.6,590.1,17.14,17.36,18.61,18.37,13.75,11.85,29899.75,2291.9132291602987,27849.58333333333,3769.730577745253,658.225,9.207017251351225,652.0333333333334,43.01651550347385,17.1775,1.2349460177136318,14.805833333333334,3.03868529685672,-4849.0,7071.0,-11.0,18.9322665,-0.710000000000008,0.8759148487077381,22,5,0.464723172043769,-0.8854560256532096,14.574291559085122,1.0257084409148778,0.67868686,15.252978416308633,-0.5740723386699834,0.47450418758107465
2021-06-07,29732.0,32482.0,29345.0,651.9,80.41,1,3.1,0,14.7,AUS_PARADIP_PANAMAX,Panamax,synthetic_public_proxy,27579.0,28707.0,30478.0,32835.0,29409.0,20902.0,26131.0,25987.0,43420.0,40422.0,29174.0,21585.0,660.1,659.5,667.7,645.6,707.4,583.5,15.6,17.14,17.36,18.61,17.08,10.71,29124.0,1260.1447006858589,28585.416666666668,3090.9946165751608,659.8,6.454972243679985,657.7333333333333,37.25580695026148,16.2,1.2700656151029197,15.138333333333334,2.754803518264469,-3103.0,8830.0,6.2999999999999545,18.2048979,-0.5200000000000102,1.1317560986523152,23,6,0.3546048870425358,-0.9350162426854148,15.44076788612116,-0.7407678861211604,-0.32384336,15.116924526173955,-0.5740723386699834,0.47450418758107465
2021-06-14,31073.0,32439.0,30066.0,654.8,80.97,0,4.0,0,15.37,AUS_PARADIP_PANAMAX,Panamax,synthetic_public_proxy,29732.0,27579.0,28707.0,30478.0,29506.0,22148.0,32482.0,26131.0,25987.0,43420.0,34829.0,28195.0,651.9,660.1,659.5,667.7,671.1,584.0,14.7,15.6,17.14,17.36,13.59,9.78,29272.75,1487.8029383400608,29329.166666666668,2397.090920008563,656.575,3.9152479700116296,663.6333333333333,29.267149854505146,15.7025,1.0315805025946465,15.604166666666666,2.17874633816341,595.0,8925.0,-12.900000000000093,19.3822908,0.5799999999999983,1.243754799244022,24,6,0.2393156642875576,-0.970941817426052,15.940331399210807,-0.5703313992108079,-0.3340932,15.606238186129447,-0.5740723386699834,0.47450418758107465
2021-06-21,33882.0,42015.0,35441.0,660.4,80.81,0,3.4,0,17.59,AUS_PARADIP_PANAMAX,Panamax,synthetic_public_proxy,31073.0,29732.0,27579.0,28707.0,29335.0,24218.0,32439.0,32482.0,26131.0,25987.0,39027.0,36165.0,654.8,651.9,660.1,659.5,694.5,591.3,15.37,14.7,15.6,17.14,14.3,11.38,30566.5,2637.589113818398,30134.5,2132.604446978463,656.8,4.157723736214322,669.3916666666667,18.592934060273944,15.815,1.2433958876132023,16.121666666666666,1.7863768987093056,5175.0,9664.0,0.8999999999999773,20.3466004,0.519999999999996,1.5464089693672554,25,6,0.120536680255323,-0.992708874098054,16.607281775573526,0.982718224426474,0.6776583,17.284940095046792,-0.5476994415730214,0.47450418758107465
2021-06-28,33680.0,40179.0,34596.0,591.6,80.99,1,3.1,0,20.84,AUS_PARADIP_PANAMAX,Panamax,synthetic_public_proxy,33882.0,31073.0,29732.0,27579.0,32428.0,26650.0,42015.0,32439.0,32482.0,26131.0,31391.0,26822.0,660.4,654.8,651.9,660.1,671.1,688.6,17.59,15.37,14.7,15.6,18.37,13.75,32091.75,2027.6262599404236,30720.33333333333,2052.4584076543624,639.675,32.24359109445919,661.3083333333333,28.124995622895263,17.125,2.767556081937052,16.712500000000002,2.079148099145816,6101.0,7030.0,-68.5,22.3756728,0.6400000000000006,1.3958339417441703,26,6,-3.216245299353273e-16,-1.0,19.255317530788172,1.5846824692118275,0.8401222,20.095439753688563,-0.5476994415730214,0.69692316475985
2021-07-05,35106.0,32730.0,32400.0,607.6,80.52,1,3.4,0,17.96,AUS_PARADIP_PANAMAX,Panamax,synthetic_public_proxy,33680.0,33882.0,31073.0,29732.0,32835.0,29409.0,40179.0,42015.0,32439.0,32482.0,40422.0,29174.0,591.6,660.4,654.8,651.9,645.6,707.4,20.84,17.59,15.37,14.7,18.61,17.08,33435.25,1696.1838294634574,31195.08333333333,2357.739034766179,628.6,34.19395658104942,652.9916666666667,28.01186301724629,17.94,2.24631550173466,16.785833333333333,2.1085990969160044,5374.0,5697.0,-44.29999999999996,19.925088,0.1099999999999994,1.483596285826229,27,7,-0.1205366802553228,-0.992708874098054,17.818128779253577,0.1418712207464239,0.23226812,18.05039690407238,-0.5476994415730214,0.69692316475985
2021-07-12,37937.0,47062.0,39690.0,573.8,80.75,0,3.5,0,17.4,AUS_PARADIP_PANAMAX,Panamax,synthetic_public_proxy,35106.0,33680.0,33882.0,31073.0,30478.0,29506.0,32730.0,40179.0,42015.0,32439.0,43420.0,34829.0,607.6,591.6,660.4,654.8,667.7,671.1,17.96,20.84,17.59,15.37,17.36,13.59,35151.25,1961.1240611785176,31897.666666666668,2982.147253645226,608.35,37.34537008340798,644.8833333333333,35.401305403084045,18.4475,1.611859691991451,17.103333333333335,1.8552693180301545,6864.0,8431.0,-81.0,21.3304056,-0.2199999999999988,1.759606598782985,28,7,-0.2393156642875574,-0.970941817426052,16.36964408191654,1.0303559180834583,0.76109594,17.130740022983282,-0.5476994415730214,0.47450418758107465
2021-07-19,37939.0,38179.0,36138.0,531.3,80.77,0,5.0,0,18.49,AUS_PARADIP_PANAMAX,Panamax,synthetic_public_proxy,37937.0,35106.0,33680.0,33882.0,28707.0,29335.0,47062.0,32730.0,40179.0,42015.0,25987.0,39027.0,573.8,607.6,591.6,660.4,659.5,694.5,17.4,17.96,20.84,17.59,17.14,14.3,36165.5,2127.8913662747573,32614.666666666668,3324.654522949594,576.0749999999999,32.88782702865483,631.2833333333333,44.727067934983324,18.6725,1.5119826939045222,17.4525,1.6641521182653625,4057.0,8604.0,-129.10000000000002,21.7682506,-0.0400000000000062,1.6455886746805417,29,7,-0.3546048870425356,-0.9350162426854148,17.462244445349512,1.0277555546504864,0.6538203,18.116064721609888,-0.4049169676817055,0.4798869265208233
2021-07-26,38385.0,51298.0,41631.0,529.7,80.42,0,3.8,0,18.12,AUS_PARADIP_PANAMAX,Panamax,synthetic_public_proxy,37939.0,37937.0,35106.0,33680.0,27579.0,32428.0,38179.0,47062.0,32730.0,40179.0,26131.0,31391.0,531.3,573.8,607.6,591.6,660.1,671.1,18.49,17.4,17.96,20.84,15.6,18.37,37341.75,1505.321532652295,33111.083333333336,3715.952746013536,560.6,37.40115862733031,619.5,51.4103456160688,17.9925,0.4530912343742429,17.43166666666667,1.6531503442233806,4705.0,5957.0,-61.89999999999998,20.1569907,-0.5699999999999932,1.5924755387624905,30,7,-0.464723172043768,-0.8854560256532101,15.685110969607193,2.4348890303928084,1.2212834,16.906394405428728,-0.3807872581650542,0.69692316475985
2021-08-02,35437.0,37754.0,34592.0,531.9,80.32,0,3.8,0,14.72,AUS_PARADIP_PANAMAX,Panamax,synthetic_public_proxy,38385.0,37939.0,37937.0,35106.0,29732.0,32835.0,51298.0,38179.0,47062.0,32730.0,32482.0,40422.0,529.7,531.3,573.8,607.6,651.9,645.6,18.12,18.49,17.4,17.96,14.7,18.61,37424.5,1341.6510972181457,33327.916666666664,3773.843217303463,541.675,21.43678691719908,610.025,56.39834177123885,17.1825,1.7029068285337208,17.1075,1.7777827099047274,331.0,2602.0,-75.70000000000005,20.3325345,-0.2000000000000028,1.0758319791428852,31,8,-0.5680647467311556,-0.8229838658936566,17.140639302027452,-2.4206393020274515,-0.91296846,16.227670845282304,-0.5476994415730214,0.69692316475985
2021-08-09,33555.0,36026.0,32866.0,513.7,80.25,0,5.4,0,15.71,AUS_PARADIP_PANAMAX,Panamax,synthetic_public_proxy,35437.0,38385.0,37939.0,37937.0,31073.0,30478.0,37754.0,51298.0,38179.0,47062.0,32439.0,43420.0,531.9,529.7,531.3,573.8,654.8,667.7,14.72,18.12,18.49,17.4,15.37,17.36,36329.0,2259.054079329072,33584.333333333336,3665.5815198665737,526.65,8.683125397386542,597.1916666666667,59.516437123527474,16.759999999999998,1.8354472661089387,16.97,1.819790197697581,-4382.0,3077.0,-60.09999999999991,18.8489403,-0.5,0.7189085242930077,32,8,-0.663122658240795,-0.7485107481711013,15.825464950150149,-0.11546495015014813,-0.26987964,15.555585311001437,-0.5476994415730214,0.6704352527271719
2021-08-16,31739.0,40508.0,33660.0,536.5,80.13,0,3.7,0,15.55,AUS_PARADIP_PANAMAX,Panamax,synthetic_public_proxy,33555.0,35437.0,38385.0,37939.0,33882.0,28707.0,36026.0,37754.0,51298.0,38179.0,42015.0,25987.0,513.7,531.9,529.7,531.3,660.4,659.5,15.71,14.72,18.12,18.49,17.59,17.14,34779.0,2838.7776712287027,33837.0,3393.203849407786,527.95,9.913458864934016,586.9416666666667,58.39105564029385,16.025000000000002,1.4625206551248373,16.837500000000002,1.863643181805667,-6200.0,3032.0,5.2000000000000455,17.2372035,-0.6400000000000006,0.3472251415528594,33,8,-0.7485107481711011,-0.6631226582407952,13.604160181026256,1.9458398189737451,0.80577564,14.409935823421275,-0.5476994415730214,1.0609633905252682
2021-08-23,28138.0,33420.0,28844.0,501.3,81.01,0,3.1,0,11.04,AUS_PARADIP_PANAMAX,Panamax,synthetic_public_proxy,31739.0,33555.0,35437.0,38385.0,33680.0,27579.0,40508.0,36026.0,37754.0,51298.0,40179.0,26131.0,536.5,513.7,531.9,529.7,591.6,660.1,15.55,15.71,14.72,18.12,20.84,15.6,32217.25,3110.485961496476,33883.583333333336,3302.095105131405,520.85,16.333503400477447,573.7083333333334,58.29826846537229,14.255,2.186816559903184,16.4575,2.4963905762301626,-10247.0,559.0,-28.400000000000038,17.0279735,0.5900000000000034,-0.3911726571150116,34,8,-0.8229838658936564,-0.5680647467311559,13.437690862340906,-2.397690862340907,-1.0462668,12.391424068136194,-1.164524159743747,1.0609633905252682
2021-08-30,28622.0,34150.0,29402.0,492.8,80.97,0,3.7,0,12.7,AUS_PARADIP_PANAMAX,Panamax,synthetic_public_proxy,28138.0,31739.0,33555.0,35437.0,35106.0,29732.0,33420.0,40508.0,36026.0,37754.0,32730.0,32482.0,501.3,536.5,513.7,531.9,607.6,651.9,11.04,15.55,15.71,14.72,17.96,14.7,30513.5,2580.2677509643563,33791.083333333336,3441.565353633836,511.0750000000001,18.99866223360859,560.45,56.97558488271348,13.75,2.275097067526306,16.290833333333335,2.684099504771575,-6815.0,-1110.0,-39.099999999999966,14.1055794,0.6500000000000057,-0.3589442883824612,35,8,-0.8854560256532096,-0.4647231720437691,12.369585786276058,0.330414213723941,-0.007475553,12.362110233195619,-1.164524159743747,1.0609633905252682
2021-09-06,26897.0,25056.0,24816.0,480.7,80.86,1,3.3,0,11.62,AUS_PARADIP_PANAMAX,Panamax,synthetic_public_proxy,28622.0,28138.0,31739.0,33555.0,37937.0,31073.0,34150.0,33420.0,40508.0,36026.0,47062.0,32439.0,492.8,501.3,536.5,513.7,573.8,654.8,12.7,11.04,15.55,15.71,17.4,15.37,28849.0,2059.0818342164043,33443.083333333336,3919.36048722076,502.825,23.98852156067041,545.9416666666667,52.777947501056346,12.7275,2.003453268733797,15.978333333333332,3.0006842653978,-6658.0,-4176.0,-33.00000000000006,14.1049216,0.6099999999999994,-0.8227217306835969,36,9,-0.9350162426854148,-0.3546048870425359,13.400558906142443,-1.7805589061424438,-0.9535566,12.447002308909624,-1.2465397162908811,1.0609633905252682
2021-09-13,26280.0,30845.0,26792.0,482.4,79.86,0,2.8,0,11.4,AUS_PARADIP_PANAMAX,Panamax,synthetic_public_proxy,26897.0,28622.0,28138.0,31739.0,37939.0,33882.0,25056.0,34150.0,33420.0,40508.0,38179.0,42015.0,480.7,492.8,501.3,536.5,531.3,660.4,11.62,12.7,11.04,15.55,18.49,17.59,27484.25,1082.7349244698169,32809.583333333336,4423.866068544995,489.3,9.623235769051623,531.1083333333333,41.491652135938345,11.69,0.7145161533047906,15.4625,3.2223061335294805,-5459.0,-7602.0,-54.10000000000002,12.9293879,-0.269999999999996,-1.089052295596462,37,9,-0.970941817426052,-0.2393156642875577,11.818652738801541,-0.41865273880154064,-0.26893565,11.549717088214459,-1.2465397162908811,1.0609633905252682
2021-09-20,26622.0,27848.0,25781.0,492.0,79.46,1,2.7,0,13.0,AUS_PARADIP_PANAMAX,Panamax,synthetic_public_proxy,26280.0,26897.0,28622.0,28138.0,38385.0,33680.0,30845.0,25056.0,34150.0,33420.0,51298.0,40179.0,482.4,480.7,492.8,501.3,529.7,591.6,11.4,11.62,12.7,11.04,18.12,20.84,27105.25,1042.1878829334596,32221.416666666668,4754.4599436802655,486.975,6.3110353086284725,522.8083333333333,38.11545757380628,12.18,0.7884161337771677,14.809166666666664,2.800001488094828,-1516.0,-7058.0,-9.300000000000011,12.677472,-1.5500000000000114,-1.1264547474072315,38,9,-0.992708874098054,-0.1205366802553235,13.721846402847307,-0.7218464028473068,-0.31197673,13.40986967202379,-1.2465397162908811,1.0609633905252682
2021-09-27,26820.0,32018.0,27558.0,469.9,79.36,0,3.0,0,12.09,AUS_PARADIP_PANAMAX,Panamax,synthetic_public_proxy,26622.0,26280.0,26897.0,28622.0,35437.0,35106.0,27848.0,30845.0,25056.0,34150.0,37754.0,32730.0,492.0,482.4,480.7,492.8,531.9,607.6,13.0,11.4,11.62,12.7,14.72,17.96,26654.75,275.3801917349785,31530.916666666668,4897.000760360293,481.25,9.055569188815474,511.3333333333333,30.166547798192404,12.0275,0.7093365444790447,14.32,2.710833484708737,-1802.0,-8286.0,-22.900000000000038,13.098024,-1.6099999999999994,-1.1457460909763744,39,9,-1.0,-1.8369701987210294e-16,12.31470606911466,-0.22470606911466007,-0.12122509,12.193480980279897,-1.2465397162908811,0.9868383969410032
2021-10-04,27421.0,26724.0,25771.0,499.8,79.06,0,5.1,0,13.07,AUS_PARADIP_PANAMAX,Panamax,synthetic_public_proxy,26820.0,26622.0,26280.0,26897.0,33555.0,37937.0,32018.0,27848.0,30845.0,25056.0,36026.0,47062.0,469.9,492.0,482.4,480.7,513.7,573.8,12.09,13.0,11.4,11.62,15.71,17.4,26785.75,478.6483573564141,30654.58333333333,4576.866444082603,486.025,12.891954855648896,505.1666666666667,22.93236432061368,12.39,0.7967852073594248,13.959166666666668,2.5468071217018897,524.0,-10516.0,19.100000000000023,12.602718,-1.7999999999999972,-1.0020949476839165,40,10,-0.992708874098054,0.1205366802553232,12.885992714812177,0.18400728518782294,0.0689134,12.954906114985365,-1.2465397162908811,0.9868383969410032
2021-10-11,26284.0,31371.0,27005.0,512.8,79.74,0,2.8,0,13.61,AUS_PARADIP_PANAMAX,Panamax,synthetic_public_proxy,27421.0,26820.0,26622.0,26280.0,31739.0,37939.0,26724.0,32018.0,27848.0,30845.0,40508.0,38179.0,499.8,469.9,492.0,482.4,536.5,531.3,13.07,12.09,13.0,11.4,15.55,18.49,26786.75,477.2416404017224,29683.33333333333,4102.5947960535605,493.625,17.993772070731005,503.625,21.598868867689774,12.9425,0.6303107699117912,13.5525,2.1096622952501107,4.0,-11655.0,30.399999999999977,13.7050158,-0.1200000000000045,-1.2404421845140368,41,10,-0.970941817426052,0.2393156642875573,12.919549376346534,0.6904506236534651,0.3038156,13.22336497960276,-1.2465397162908811,0.989378345342429
2021-10-18,24523.0,26013.0,23893.0,476.8,79.69,0,3.0,0,13.54,AUS_PARADIP_PANAMAX,Panamax,synthetic_public_proxy,26284.0,27421.0,26820.0,26622.0,28138.0,38385.0,31371.0,26724.0,32018.0,27848.0,33420.0,51298.0,512.8,499.8,469.9,492.0,501.3,529.7,13.61,13.07,12.09,13.0,11.04,18.12,26262.0,1248.8995155736086,28528.166666666668,3303.45881637942,489.825,19.950000000002174,499.2166666666667,21.187682241998548,13.0775,0.7006366152769874,13.170833333333333,1.5476519360474736,-2099.0,-13862.0,-15.199999999999989,13.4784352,0.2300000000000039,-1.5699747678094802,42,10,-0.9350162426854148,0.3546048870425355,12.966875798862558,0.5731242011374409,0.2775787,13.244454510372263,-1.2465397162908811,0.989378345342429
2021-10-25,23517.0,23520.0,22342.0,444.1,80.33,1,2.7,0,12.71,AUS_PARADIP_PANAMAX,Panamax,synthetic_public_proxy,24523.0,26284.0,27421.0,26820.0,28622.0,35437.0,26013.0,31371.0,26724.0,32018.0,34150.0,37754.0,476.8,512.8,499.8,469.9,492.8,531.9,13.54,13.61,13.07,12.09,12.7,14.72,25436.25,1748.852838291431,27534.83333333333,2789.27363739061,483.375,30.118474396955893,491.9,23.86579903620209,13.2325,0.4228770506898244,13.003333333333332,1.4716492500427878,-3303.0,-11920.0,-25.799999999999955,11.6925664,0.9699999999999988,-1.664785825569133,43,10,-0.8854560256532101,0.464723172043768,12.535998464686651,0.17400153531334972,0.16754864,12.703547106249113,-1.2465397162908811,0.3768859696786678
2021-11-01,19804.0,24876.0,20843.0,458.2,80.37,0,1.6,0,11.03,AUS_PARADIP_PANAMAX,Panamax,synthetic_public_proxy,23517.0,24523.0,26284.0,27421.0,26897.0,33555.0,23520.0,26013.0,31371.0,26724.0,25056.0,36026.0,444.1,476.8,512.8,499.8,480.7,513.7,12.71,13.54,13.61,13.07,11.62,15.71,23532.0,2735.7993347466104,26388.916666666668,2913.080202320457,472.975,29.73621529381456,487.275,24.62279524047922,12.7225,1.2000937463382308,12.613333333333337,1.2991629006495844,-7617.0,-13751.0,-41.60000000000002,10.4438997,1.3100000000000025,-2.1791621940014965,44,11,-0.822983865893657,0.5680647467311548,10.157841094423034,0.8721589055769652,0.2216021,10.379443191576698,-0.7435757815324581,0.5977724508180893
2021-11-08,17064.0,20316.0,17512.0,467.3,80.41,0,1.9,0,10.12,AUS_PARADIP_PANAMAX,Panamax,synthetic_public_proxy,19804.0,23517.0,24523.0,26284.0,26280.0,31739.0,24876.0,23520.0,26013.0,31371.0,30845.0,40508.0,458.2,444.1,476.8,512.8,482.4,536.5,11.03,12.71,13.54,13.61,11.4,15.55,21227.0,3438.178490615828,25166.0,3486.738199625435,461.6,13.920488497179146,481.5083333333334,19.64676509728508,11.85,1.555742052312488,12.160833333333334,1.1160682476145218,-9220.0,-14675.0,-45.49999999999994,9.0741928,0.6700000000000017,-2.3301138696648915,45,11,-0.7485107481711011,0.6631226582407952,10.490231843316309,-0.37023184331630965,-0.38084486,10.109386982047312,-0.7435757815324581,0.5977724508180893
2021-11-15,14889.0,15973.0,14578.0,479.2,80.38,1,2.9,0,9.9,AUS_PARADIP_PANAMAX,Panamax,synthetic_public_proxy,17064.0,19804.0,23517.0,24523.0,26622.0,28138.0,20316.0,24876.0,23520.0,26013.0,27848.0,33420.0,467.3,458.2,444.1,476.8,492.0,501.3,10.12,11.03,12.71,13.54,13.0,11.04,18818.5,3722.2910955485454,24061.916666666668,4430.13154859749,462.2,14.81688226315159,479.6666666666667,18.632490358771605,10.94,1.2773670837573723,12.065833333333332,1.2594548483973274,-9634.0,-13249.0,2.3999999999999773,7.9740072,0.6899999999999977,-2.315490585719681,46,11,-0.6631226582407955,0.7485107481711007,11.209942879008555,-1.3099428790085543,-0.44696185,10.762981029080652,-0.8557852850464467,0.3768859696786678
2021-11-22,13359.0,17631.0,14400.0,492.9,80.4,1,1.6,0,11.36,AUS_PARADIP_PANAMAX,Panamax,synthetic_public_proxy,14889.0,17064.0,19804.0,23517.0,26820.0,28622.0,15973.0,20316.0,24876.0,23520.0,32018.0,34150.0,479.2,467.3,458.2,444.1,469.9,492.8,9.9,10.12,11.03,12.71,12.09,12.7,16279.0,2798.830112743536,22790.0,5136.602361306733,474.4,15.03484840850609,479.675,18.638919447807,10.6025,0.7030587931793577,11.954166666666666,1.2575189015990222,-10158.0,-15263.0,48.79999999999996,7.1348088,0.0700000000000073,-2.206417372915329,47,11,-0.5680647467311559,0.8229838658936564,10.56213664887881,0.7978633511211886,0.3533893,10.91552594183421,-0.7435757815324581,0.43290625061207993
2021-11-29,13409.0,14549.0,13195.0,512.9,81.25,0,1.4,0,10.32,AUS_PARADIP_PANAMAX,Panamax,synthetic_public_proxy,13359.0,14889.0,17064.0,19804.0,27421.0,26897.0,17631.0,15973.0,20316.0,24876.0,26724.0,25056.0,492.9,479.2,467.3,458.2,499.8,480.7,11.36,9.9,10.12,11.03,13.07,11.62,14680.25,1740.46150488886,21666.0,5610.1103700049,488.075,19.5782830367413,482.3583333333333,20.971732417854295,10.425,0.6465034158199139,11.845833333333331,1.3420774827471762,-6395.0,-13488.0,54.69999999999999,6.584651099999999,0.8799999999999955,-1.945251450039393,48,11,-0.4647231720437684,0.88545602565321,9.438529091401216,0.881470908598784,0.45361516,9.892144250197527,-0.7435757815324581,0.4411503964931267
2021-12-06,7546.0,8677.0,7621.0,552.4,80.13,0,4.8,0,10.06,AUS_PARADIP_PANAMAX,Panamax,synthetic_public_proxy,13409.0,13359.0,14889.0,17064.0,26284.0,26280.0,14549.0,17631.0,15973.0,20316.0,31371.0,30845.0,512.9,492.9,479.2,467.3,512.8,482.4,10.32,11.36,9.9,10.12,13.61,11.4,12300.75,3248.322477320665,20104.83333333333,6708.51040007236,509.35,31.8618371514692,488.19166666666666,29.13206475637657,10.41,0.6565566743753477,11.734166666666669,1.4350702126208132,-9518.0,-18734.0,85.09999999999997,6.8774761,-0.2800000000000011,-2.315909022297552,49,12,-0.3546048870425359,0.9350162426854148,9.469710141843695,0.5902898581563054,0.24026428,9.709974423474211,-0.35783915526192367,0.4411503964931267
2021-12-13,7458.0,8942.0,7679.0,534.8,79.19,0,1.2,0,7.89,AUS_PARADIP_PANAMAX,Panamax,synthetic_public_proxy,7546.0,13409.0,13359.0,14889.0,24523.0,26622.0,8677.0,14549.0,17631.0,15973.0,26013.0,27848.0,552.4,512.9,492.9,479.2,476.8,492.0,10.06,10.32,11.36,9.9,13.54,13.0,10443.0,3396.2256501396755,18507.83333333333,7273.296449507923,523.25,25.89317799472936,491.7583333333334,32.10866375106272,9.9075,1.4575636063880102,11.308333333333335,1.7491028003123923,-7431.0,-19164.0,55.599999999999966,4.1684104,-1.1899999999999975,-2.029379655976608,50,12,-0.2393156642875578,0.970941817426052,8.671258621815191,-0.7812586218151916,-0.51299715,8.158261471394049,-0.38154803189784176,0.4411503964931267
2021-12-20,8434.0,9212.0,8324.0,517.5,78.96,0,3.3,0,7.36,AUS_PARADIP_PANAMAX,Panamax,synthetic_public_proxy,7458.0,7546.0,13409.0,13359.0,23517.0,26820.0,8942.0,8677.0,14549.0,17631.0,23520.0,32018.0,534.8,552.4,512.9,492.9,444.1,469.9,7.89,10.06,10.32,11.36,12.71,12.09,9211.75,2832.6762816578,16975.666666666668,7299.619172299775,529.4,18.00018518423448,495.725,32.10304785870344,8.9075,1.5003860614300244,10.914166666666668,2.0619252183482955,-4925.0,-18386.0,24.600000000000023,3.9885384,-1.440000000000012,-1.7261434624256673,51,12,-0.1205366802553236,0.992708874098054,8.751612766400186,-1.3916127664001854,-0.65234405,8.099268718376962,-0.6450672689803789,0.4411503964931267
2021-12-27,8314.0,9822.0,8502.0,504.0,79.0,0,1.4,0,7.66,AUS_PARADIP_PANAMAX,Panamax,synthetic_public_proxy,8434.0,7458.0,7546.0,13409.0,19804.0,27421.0,9212.0,8942.0,8677.0,14549.0,24876.0,26724.0,517.5,534.8,552.4,512.9,458.2,499.8,7.36,7.89,10.06,10.32,11.03,13.07,7938.0,507.1015677356908,15383.416666666666,6886.252450397571,527.175,21.01687813798078,496.0750000000001,32.17432982985072,8.2425,1.2309447591180422,10.463333333333331,2.137752997609395,-5095.0,-19107.0,-8.899999999999977,4.364595,-2.25,-1.576923777719021,52,12,6.432490598706546e-16,1.0,7.922254785092002,-0.2622547850920016,-0.2788263,7.6434284887625035,-0.6450672689803789,0.4411503964931267
2022-01-03,8949.0,9601.0,8762.0,527.3,79.36,0,1.2,0,8.05,AUS_PARADIP_PANAMAX,Panamax,synthetic_public_proxy,8314.0,8434.0,7458.0,7546.0,17064.0,26284.0,9822.0,9212.0,8942.0,8677.0,20316.0,31371.0,504.0,517.5,534.8,552.4,467.3,512.8,7.66,7.36,7.89,10.06,10.12,13.61,8288.75,618.5495803355852,13938.833333333334,6172.978871785949,520.9,13.308393341549625,497.2833333333333,33.11799382739747,7.74,0.2996664812757363,10.0,1.9912627332241624,1403.0,-17335.0,-25.100000000000023,4.190256,-0.769999999999996,-1.3904402334304429,1,1,0.120536680255323,0.992708874098054,7.537671464923143,0.5123285350768576,0.12677355,7.664445016029596,-0.6450672689803789,0.4411503964931267
2022-01-10,8403.0,9541.0,8438.0,577.4,79.61,0,1.3,0,7.69,AUS_PARADIP_PANAMAX,Panamax,synthetic_public_proxy,8949.0,8314.0,8434.0,7458.0,14889.0,24523.0,9601.0,9822.0,9212.0,8942.0,15973.0,26013.0,527.3,504.0,517.5,534.8,479.2,476.8,8.05,7.66,7.36,7.89,9.9,13.54,8525.0,287.2060816440502,12595.5,5360.874106134077,531.55,32.02441776728189,505.6666666666667,39.56647647448634,7.69,0.2824889378368327,9.5125,1.7469200169025056,945.0,-16120.0,42.60000000000002,4.718807699999999,0.4200000000000017,-1.3429037414039946,2,1,0.2393156642875577,0.970941817426052,8.448686377956852,-0.7586863779568516,-0.28388256,8.164803819611057,-0.6863757386237805,0.4411503964931267
2022-01-17,8385.0,11002.0,9013.0,578.8,79.45,0,1.2,0,8.01,AUS_PARADIP_PANAMAX,Panamax,synthetic_public_proxy,8403.0,8949.0,8314.0,8434.0,13359.0,23517.0,9541.0,9601.0,9822.0,9212.0,17631.0,23520.0,577.4,527.3,504.0,517.5,492.9,444.1,7.69,8.05,7.66,7.36,11.36,12.71,8512.75,293.36027338410275,11334.5,4215.732212903215,546.875,37.29355395596843,516.8916666666665,39.61931251602486,7.8525,0.2059732992408967,9.120833333333332,1.469746164437555,-49.0,-15132.0,61.29999999999996,4.8518922,0.4900000000000091,-1.2586838765548216,3,1,0.3546048870425356,0.9350162426854148,8.457695781606699,-0.4476957816066989,-0.2937776,8.163918166774774,-0.6863757386237805,0.4411503964931267
2022-01-24,7883.0,7764.0,7441.0,523.3,79.96,0,2.4,0,7.98,AUS_PARADIP_PANAMAX,Panamax,synthetic_public_proxy,8385.0,8403.0,8949.0,8314.0,13409.0,19804.0,11002.0,9541.0,9601.0,9822.0,14549.0,24876.0,578.8,577.4,527.3,504.0,512.9,458.2,8.01,7.69,8.05,7.66,10.32,11.03,8405.0,435.4400073488832,10341.083333333334,3355.24394068687,551.7,30.53315138228275,522.3166666666666,35.04513539924671,7.9325,0.1641899306702832,8.866666666666665,1.369905991023672,-431.0,-11921.0,19.299999999999955,4.853238,0.9599999999999936,-1.2371997660616618,4,1,0.4647231720437685,0.8854560256532099,8.61080945763355,-0.6308094576335499,-0.2721528,8.338656646344717,-0.6863757386237805,0.4411503964931267
2022-01-31,7803.0,6409.0,6855.0,495.7,80.48,0,1.1,0,6.66,AUS_PARADIP_PANAMAX,Panamax,synthetic_public_proxy,7883.0,8385.0,8403.0,8949.0,7546.0,17064.0,7764.0,11002.0,9541.0,9601.0,8677.0,20316.0,523.3,578.8,577.4,527.3,552.4,467.3,7.98,8.01,7.69,8.05,10.06,10.12,8118.5,319.8765386832791,9569.333333333334,2661.704215974079,543.8,41.18179209310912,524.6833333333333,31.800767095760563,7.585,0.6333245613429049,8.578333333333333,1.4442351441213734,-1146.0,-9261.0,-31.59999999999997,4.125173899999999,1.1200000000000043,-1.170758322670332,5,1,0.5680647467311558,0.8229838658936564,7.262316739134678,-0.602316739134678,-0.12296728,7.139349458687195,-0.6872848664390081,0.4193955966360598
2022-02-07,8490.0,11908.0,9433.0,492.4,80.58,0,1.0,0,6.99,AUS_PARADIP_PANAMAX,Panamax,synthetic_public_proxy,7803.0,7883.0,8385.0,8403.0,7458.0,14889.0,6409.0,7764.0,11002.0,9541.0,8942.0,15973.0,495.7,523.3,578.8,577.4,534.8,479.2,6.66,7.98,8.01,7.69,7.89,9.9,8140.25,347.43956308974845,9036.083333333334,2075.510953885297,522.55,39.97736859774636,525.7833333333333,30.276208281071256,7.41,0.6889121859861277,8.335833333333333,1.4464467958875893,87.0,-6399.0,-85.0,3.8679471,0.9699999999999988,-1.0277040373811903,6,2,0.6631226582407952,0.7485107481711011,6.628416782315349,0.3615832176846512,0.12296531,6.7513820958095545,-0.6872848664390081,0.4193955966360598
2022-02-14,7497.0,11263.0,8629.0,362.7,81.06,0,1.9,0,6.04,AUS_PARADIP_PANAMAX,Panamax,synthetic_public_proxy,8490.0,7803.0,7883.0,8385.0,8434.0,13359.0,11908.0,6409.0,7764.0,11002.0,9212.0,17631.0,492.4,495.7,523.3,578.8,517.5,492.9,6.99,6.66,7.98,8.01,7.36,11.36,7918.25,415.8824954238822,8547.583333333334,1601.2150192524757,468.525,71.89744432175671,514.9333333333333,55.74725975056524,6.9175,0.8104474073005548,7.892499999999999,1.235130651904033,-888.0,-5862.0,-216.1,4.180476,1.6099999999999994,-1.0682689040684108,7,2,0.7485107481711011,0.6631226582407953,6.975342310129954,-0.9353423101299541,-0.1833132,6.792029104291751,-0.6872848664390081,0.4193955966360598
2022-02-21,7910.0,8954.0,7932.0,363.6,81.21,0,1.5,0,6.51,AUS_PARADIP_PANAMAX,Panamax,synthetic_public_proxy,7497.0,8490.0,7803.0,7883.0,8314.0,13409.0,11263.0,11908.0,6409.0,7764.0,9822.0,14549.0,362.7,492.4,495.7,523.3,504.0,512.9,6.04,6.99,6.66,7.98,7.66,10.32,7925.0,415.3384162342744,8089.333333333333,472.51826964940017,428.6,75.58805020195628,502.4916666666666,70.85544129144976,6.55,0.3947150871200587,7.575,1.0264634785161315,27.0,-5499.0,-159.69999999999993,2.7191619,1.25,-0.9478635846659488,8,2,0.8229838658936564,0.5680647467311559,5.8194636371205695,0.6905363628794303,0.15139642,5.970860060698832,-0.6872848664390081,0.4193955966360598
2022-02-28,8197.0,7398.0,7468.0,372.6,80.94,0,1.0,0,6.09,AUS_PARADIP_PANAMAX,Panamax,synthetic_public_proxy,7910.0,7497.0,8490.0,7803.0,8949.0,7546.0,8954.0,11263.0,11908.0,6409.0,9601.0,8677.0,363.6,362.7,492.4,495.7,527.3,552.4,6.51,6.04,6.99,6.66,8.05,10.06,8023.5,423.40248778988297,8143.583333333333,440.77131946345,397.825,63.20824708849428,487.50833333333327,77.99325679865302,6.4075,0.4418427322025307,7.2441666666666675,0.7571772739871407,394.0,651.0,-123.09999999999997,2.876076,0.4599999999999937,-0.8495106028440054,9,2,0.8854560256532099,0.4647231720437686,5.685185359286374,0.40481464071362616,0.20674671,5.891932071613377,-0.6872848664390081,0.3784491024814816
2022-03-07,7937.0,8980.0,7957.0,374.7,81.29,0,2.0,0,6.0,AUS_PARADIP_PANAMAX,Panamax,synthetic_public_proxy,8197.0,7910.0,7497.0,8490.0,8403.0,7458.0,7398.0,8954.0,11263.0,11908.0,9541.0,8942.0,372.6,363.6,362.7,492.4,577.4,534.8,6.09,6.51,6.04,6.99,7.69,7.89,7885.25,289.37677285273264,8183.5,392.034901044927,368.4,6.133514490091331,474.1666666666666,82.71838680215875,6.16,0.2362202362207776,7.086666666666667,0.8056429767960397,-553.0,479.0,-117.7,3.0542022,0.710000000000008,-0.8174962035097447,10,3,0.9350162426854148,0.3546048870425355,5.419970236197954,0.5800297638020462,0.23587672,5.655846960321909,-0.6872848664390081,0.37727459511194206
2022-03-14,7188.0,8097.0,7192.0,403.2,81.35,0,2.2,0,6.0,AUS_PARADIP_PANAMAX,Panamax,synthetic_public_proxy,7937.0,8197.0,7910.0,7497.0,8385.0,8434.0,8980.0,7398.0,8954.0,11263.0,11002.0,9212.0,374.7,372.6,363.6,362.7,578.8,517.5,6.0,6.09,6.51,6.04,8.01,7.36,7808.0,433.1150732388127,8079.666666666667,475.7289781030889,378.525,17.140084597228636,464.64166666666665,83.84803850184034,6.15,0.2437211521394893,6.973333333333334,0.8576747988639062,-309.0,-1246.0,40.5,2.9739939,0.289999999999992,-0.8487821928552558,11,3,0.970941817426052,0.239315664287558,5.858962600027673,0.14103739997232712,0.15354663,6.012509231363885,-0.6872848664390081,0.37727459511194206
2022-03-21,7379.0,8796.0,7577.0,396.2,81.36,0,1.6,0,6.0,AUS_PARADIP_PANAMAX,Panamax,synthetic_public_proxy,7188.0,7937.0,8197.0,7910.0,7883.0,8314.0,8097.0,8980.0,7398.0,8954.0,7764.0,9822.0,403.2,374.7,372.6,363.6,523.3,504.0,6.0,6.0,6.09,6.51,7.98,7.66,7675.25,471.1378955960368,8001.75,509.2479526455467,386.675,15.333052533665631,455.6583333333333,85.01454911134977,6.0225,0.0450000000022425,6.835000000000001,0.8706267335035689,-531.0,-935.0,32.599999999999966,2.8982016,0.1500000000000056,-0.7654103946105766,12,3,0.992708874098054,0.120536680255323,5.610327373084447,0.38967262691555327,0.18569386,5.796021233138463,-0.4784403308719673,0.37727459511194206
2022-03-28,7212.0,7147.0,6825.0,386.2,82.09,0,1.7,0,6.09,AUS_PARADIP_PANAMAX,Panamax,synthetic_public_proxy,7379.0,7188.0,7937.0,8197.0,7803.0,8949.0,8796.0,8097.0,8980.0,7398.0,6409.0,9601.0,396.2,403.2,374.7,372.6,495.7,527.3,6.0,6.0,6.0,6.09,6.66,8.05,7429.0,349.1580348972778,7857.0,460.00592881659446,390.075,12.398756658101462,443.9,83.95617904597638,6.0225,0.0450000000022425,6.671666666666667,0.8032075847765721,-985.0,-1737.0,13.599999999999966,2.9235598,1.1500000000000057,-0.7360210885012661,13,3,1.0,-1.6081226496766366e-16,5.667661778536096,0.422338221463904,0.21920744,5.886869214382425,-0.4784403308719673,0.37727459511194206
2022-04-04,7499.0,8741.0,7621.0,403.1,80.89,0,2.1,0,6.36,AUS_PARADIP_PANAMAX,Panamax,synthetic_public_proxy,7212.0,7379.0,7188.0,7937.0,8490.0,8403.0,7147.0,8796.0,8097.0,8980.0,11908.0,9541.0,386.2,396.2,403.2,374.7,492.4,577.4,6.09,6.0,6.0,6.0,6.99,7.69,7319.5,146.7526263251485,7781.666666666667,435.8488756727618,397.175,8.016805265616235,429.375,73.14103592624106,6.112500000000001,0.1703672503745977,6.560833333333334,0.7391205872010569,-438.0,-904.0,28.400000000000038,2.7852744,-0.4000000000000057,-0.6483239532825213,14,4,0.992708874098054,-0.1205366802553228,5.931453757112628,0.4285462428873723,0.15498537,6.0864391253644285,-0.4784403308719673,0.3300346066695875
2022-04-11,7654.0,9748.0,8109.0,379.5,80.21,0,2.2,0,6.0,AUS_PARADIP_PANAMAX,Panamax,synthetic_public_proxy,7499.0,7212.0,7379.0,7188.0,7497.0,8385.0,8741.0,7147.0,8796.0,8097.0,11263.0,11002.0,403.1,386.2,396.2,403.2,362.7,578.8,6.36,6.09,6.0,6.0,6.04,8.01,7436.0,187.00980366457276,7720.75,392.81782152807546,391.25,10.464065494195603,412.7666666666667,56.9651940515732,6.112500000000001,0.1703672503745977,6.3933333333333335,0.5944490701228273,466.0,-731.0,-23.69999999999999,3.0228469,-1.1400000000000006,-0.5799536144566556,15,4,0.970941817426052,-0.2393156642875575,7.242062902732307,-1.2420629027323074,-0.12110934,7.120953566117699,-0.6974931751708394,0.3300346066695875
2022-04-18,8859.0,8261.0,8177.0,394.8,79.66,0,2.6,0,6.47,AUS_PARADIP_PANAMAX,Panamax,synthetic_public_proxy,7654.0,7499.0,7212.0,7379.0,7910.0,7883.0,9748.0,8741.0,7147.0,8796.0,8954.0,7764.0,379.5,403.1,386.2,396.2,363.6,523.3,6.0,6.36,6.09,6.0,6.51,7.98,7806.0,725.4878818193051,7802.083333333333,512.3272140374656,390.9,10.264826674952443,402.0583333333333,45.15078693230189,6.23,0.2213594362122372,6.267500000000001,0.3282771833239546,1480.0,976.0,-1.3999999999999773,2.904693,-1.7000000000000028,-0.2738660530884568,16,4,0.9350162426854148,-0.3546048870425354,6.854319965633846,-0.3843199656338463,-0.13221137,6.722108593377567,-0.6974931751708394,0.3300346066695875
2022-04-25,8797.0,10996.0,9237.0,403.9,79.51,0,2.0,0,6.35,AUS_PARADIP_PANAMAX,Panamax,synthetic_public_proxy,8859.0,7654.0,7499.0,7212.0,8197.0,7803.0,8261.0,9748.0,8741.0,7147.0,7398.0,6409.0,394.8,379.5,403.1,386.2,372.6,495.7,6.47,6.0,6.36,6.09,6.09,6.66,8202.25,725.7609225266003,7884.916666666667,587.3509804566481,395.325,11.323831801418322,394.40833333333336,34.32053343337746,6.295,0.2040424792378591,6.241666666666667,0.3060253505050128,1585.0,994.0,17.69999999999999,3.4975332000000003,-2.5799999999999983,-0.2035276888415611,17,4,0.8854560256532099,-0.4647231720437685,6.425658187848706,-0.07565818784870615,0.0087860925,6.434444280361015,-0.6974931751708394,0.3300346066695875
2022-05-02,8207.0,12164.0,9379.0,407.5,79.41,0,3.3,0,6.32,AUS_PARADIP_PANAMAX,Panamax,synthetic_public_proxy,8797.0,8859.0,7654.0,7499.0,7937.0,8490.0,10996.0,8261.0,9748.0,8741.0,8980.0,11908.0,403.9,394.8,379.5,403.1,374.7,492.4,6.35,6.47,6.0,6.36,6.0,6.99,8379.25,565.7834538643403,7861.333333333333,566.1457141919674,396.425,12.485024362550488,387.3333333333333,16.30740675740884,6.285,0.2007485989993427,6.185833333333334,0.1997479472346204,708.0,-283.0,4.399999999999977,3.5531083,-1.480000000000004,-0.3183537501363255,18,5,0.8229838658936565,-0.5680647467311557,6.870162314668364,-0.5501623146683636,-0.079494946,6.790667368963427,-0.6957567572260858,0.3300346066695875
2022-05-09,8453.0,9506.0,8452.0,448.2,78.72,0,4.1,0,7.55,AUS_PARADIP_PANAMAX,Panamax,synthetic_public_proxy,8207.0,8797.0,8859.0,7654.0,7188.0,7497.0,12164.0,10996.0,8261.0,9748.0,8097.0,11263.0,407.5,403.9,394.8,379.5,403.2,362.7,6.32,6.35,6.47,6.0,6.0,6.04,8579.0,305.605410074269,7941.0,577.3686391340487,413.6,23.677696960081928,394.4583333333333,22.18518991388662,6.6725,0.5885787967640312,6.311666666666667,0.4357404008924302,799.0,956.0,68.69999999999999,3.3443525,-1.4899999999999949,-0.1223580644859724,19,5,0.7485107481711013,-0.663122658240795,7.241030667766742,0.30896933223325806,0.039513677,7.280544345125369,-0.6957567572260858,0.3300346066695875
2022-05-16,8724.0,9312.0,8523.0,438.9,78.29,0,2.7,0,7.69,AUS_PARADIP_PANAMAX,Panamax,synthetic_public_proxy,8453.0,8207.0,8797.0,8859.0,7379.0,7910.0,9506.0,12164.0,10996.0,8261.0,8796.0,8954.0,448.2,407.5,403.9,394.8,396.2,363.6,7.55,6.32,6.35,6.47,6.0,6.51,8545.25,269.7237784598572,8008.833333333333,619.6635206213388,424.625,22.22871641218784,400.7333333333333,23.28543568739004,6.9775,0.7441941950863307,6.41,0.590300385782308,-135.0,814.0,44.099999999999966,3.7886346,-1.3699999999999903,0.1718159615918311,20,5,0.6631226582407952,-0.7485107481711012,7.162816514798769,0.5271834852012312,0.054833557,7.217650072255501,-0.42695561384625474,0.44671055013121785
2022-05-23,9851.0,10670.0,9686.0,492.1,77.93,0,2.9,0,7.82,AUS_PARADIP_PANAMAX,Panamax,synthetic_public_proxy,8724.0,8453.0,8207.0,8797.0,7212.0,8197.0,9312.0,9506.0,12164.0,10996.0,7147.0,7398.0,438.9,448.2,407.5,403.9,386.2,372.6,7.69,7.55,6.32,6.35,6.09,6.09,8808.75,726.2067543062343,8146.666666666667,817.6466599986851,446.675,34.93273297830364,410.69166666666666,33.48091609296708,7.345000000000001,0.6921704992270236,6.554166666666666,0.705130011652834,1054.0,1654.0,88.20000000000005,3.8289636,-1.5799999999999983,1.2594918957145855,21,5,0.5680647467311558,-0.8229838658936564,7.095466617966484,0.724533382033516,0.16258322,7.258049834991287,-0.42695561384625474,0.44671055013121785
2022-05-30,10615.0,12837.0,10973.0,488.7,79.12,0,2.7,0,7.44,AUS_PARADIP_PANAMAX,Panamax,synthetic_public_proxy,9851.0,8724.0,8453.0,8207.0,7499.0,7937.0,10670.0,9312.0,9506.0,12164.0,8741.0,8980.0,492.1,438.9,448.2,407.5,403.1,374.7,7.82,7.69,7.55,6.32,6.36,6.0,9410.75,1005.4764625125056,8369.833333333334,1078.9336346039631,466.975,27.349268728800084,420.19166666666666,38.1832771185922,7.625,0.1654287359162572,6.674166666666667,0.7245118523824253,2408.0,2678.0,81.19999999999999,4.8476771,-0.289999999999992,3.0148113268674943,22,5,0.464723172043769,-0.8854560256532096,7.315117716225017,0.12488228377498345,-0.020625833,7.294491882803071,-0.42695561384625474,0.44671055013121785
2022-06-06,10976.0,10116.0,10083.0,460.7,80.01,0,3.4,0,7.13,AUS_PARADIP_PANAMAX,Panamax,synthetic_public_proxy,10615.0,9851.0,8724.0,8453.0,7654.0,7188.0,12837.0,10670.0,9312.0,9506.0,9748.0,8097.0,488.7,492.1,438.9,448.2,379.5,403.2,7.44,7.82,7.69,7.55,6.0,6.0,10041.5,995.7056124511208,8685.5,1243.3351409528257,470.1,25.111484756317925,424.9833333333333,39.44417996781511,7.52,0.3040833219149839,6.7683333333333335,0.7020079426298095,2523.0,3788.0,12.5,5.1875505,1.2900000000000065,2.7675897084586456,23,6,0.3546048870425358,-0.9350162426854148,7.22141446700131,-0.09141446700130995,-0.07017233,7.15124213477408,-0.42695561384625474,0.43259211712271395
2022-06-13,12383.0,14721.0,12699.0,466.2,79.83,1,3.8,0,9.69,AUS_PARADIP_PANAMAX,Panamax,synthetic_public_proxy,10976.0,10615.0,9851.0,8724.0,8859.0,7379.0,10116.0,12837.0,10670.0,9312.0,8261.0,8796.0,460.7,488.7,492.1,438.9,394.8,396.2,7.13,7.44,7.82,7.69,6.47,6.0,10956.25,1060.5084865289837,9102.5,1563.2891025599529,476.925,15.781925315587596,430.81666666666666,39.97303257614293,8.02,1.1485352991238509,7.075833333333333,1.0545180573766912,3659.0,5004.0,27.30000000000001,5.0566432,1.539999999999992,3.1571972146219465,24,6,0.2393156642875576,-0.970941817426052,8.725024274449853,0.964975725550147,0.1522326,8.877256876688508,-0.42695561384625474,0.5440301175558703
2022-06-20,11246.0,12416.0,11152.0,445.2,79.68,0,3.6,0,8.1,AUS_PARADIP_PANAMAX,Panamax,synthetic_public_proxy,12383.0,10976.0,10615.0,9851.0,8797.0,7212.0,14721.0,10116.0,12837.0,10670.0,10996.0,7147.0,466.2,460.7,488.7,492.1,403.9,386.2,9.69,7.13,7.44,7.82,6.35,6.09,11305.0,763.7421030688278,9438.666666666666,1553.50356721,465.2,18.013883534655214,435.73333333333335,37.54079800898703,8.09,1.1407892005099711,7.243333333333332,1.0432670130921582,1395.0,4034.0,-46.900000000000034,5.772954599999999,1.75,1.957457091188925,25,6,0.120536680255323,-0.992708874098054,8.67338206517293,-0.5733820651729307,-0.31150383,8.361878237601061,-0.4289095426909536,0.5440301175558703
2022-06-27,10713.0,14496.0,11691.0,433.3,79.16,1,3.3,0,8.21,AUS_PARADIP_PANAMAX,Panamax,synthetic_public_proxy,11246.0,12383.0,10976.0,10615.0,8207.0,7499.0,12416.0,14721.0,10116.0,12837.0,12164.0,8741.0,445.2,466.2,460.7,488.7,407.5,403.1,8.1,9.69,7.13,7.44,6.32,6.36,11329.5,735.2706984505746,9706.5,1463.1196123355207,451.35,14.961840350264248,438.25,36.14039542974358,8.2825,1.0563892906185253,7.3975,1.037541894006382,98.0,3214.0,-55.39999999999998,5.0067192,0.039999999999992,1.4243514760126956,26,6,-3.216245299353273e-16,-1.0,9.404044164132301,-1.1940441641323005,-0.38190305,9.022141111802284,-0.743846363234512,0.5440301175558703
2022-07-04,9992.0,10573.0,9725.0,603.9,78.28,0,3.3,0,8.65,AUS_PARADIP_PANAMAX,Panamax,synthetic_public_proxy,10713.0,11246.0,12383.0,10976.0,8453.0,7654.0,14496.0,12416.0,14721.0,10116.0,9506.0,9748.0,433.3,445.2,466.2,460.7,448.2,379.5,8.21,8.1,9.69,7.13,7.55,6.0,11083.5,1007.2651090949174,9901.333333333334,1312.9128845529222,487.15,79.01284705666609,456.95,55.726189371050864,8.6625,0.7250459755538545,7.618333333333332,0.9941632693178568,-984.0,2338.0,143.2,4.6419429,-1.730000000000004,0.8619868727299136,27,7,-0.1205366802553228,-0.992708874098054,8.422963114376225,0.22703688562377522,-0.12661213,8.296350987548985,-0.743846363234512,0.5440301175558703
2022-07-11,9757.0,13485.0,10760.0,620.0,78.26,0,5.2,0,7.64,AUS_PARADIP_PANAMAX,Panamax,synthetic_public_proxy,9992.0,10713.0,11246.0,12383.0,8724.0,8859.0,10573.0,14496.0,12416.0,14721.0,9312.0,8261.0,603.9,433.3,445.2,466.2,438.9,394.8,8.65,8.21,8.1,9.69,7.69,6.47,10427.0,680.8528964957577,9976.166666666666,1273.089144442681,525.6,100.04282416378874,475.7166666666667,69.1874375530092,8.15,0.4148091930838142,7.715833333333332,0.9263659038840696,-2626.0,898.0,153.8,6.0341688,-1.5699999999999932,0.653096132215868,28,7,-0.2393156642875574,-0.970941817426052,10.16330541984264,-2.5233054198426403,-1.0229678,9.14033760444347,-0.743846363234512,0.5440301175558703
2022-07-18,8812.0,8683.0,8320.0,598.6,77.83,0,3.4,0,8.13,AUS_PARADIP_PANAMAX,Panamax,synthetic_public_proxy,9757.0,9992.0,10713.0,11246.0,9851.0,8797.0,13485.0,10573.0,14496.0,12416.0,10670.0,10996.0,620.0,603.9,433.3,445.2,492.1,403.9,7.64,8.65,8.21,8.1,7.82,6.35,9818.5,784.656400385967,9977.416666666666,1271.8328548228687,563.95,87.57406389260878,491.94166666666666,73.5091764009878,8.157499999999999,0.4138739743772795,7.864166666666667,0.8247143674502981,-2434.0,15.0,153.40000000000003,6.04934,-1.8500000000000083,-0.0250629366137144,29,7,-0.3546048870425356,-0.9350162426854148,9.734816889741383,-1.6048168897413824,-0.92386913,8.810947756745778,-0.7859024407909821,0.5440301175558703
2022-07-25,9387.0,11694.0,9840.0,627.1,77.83,0,3.4,0,9.79,AUS_PARADIP_PANAMAX,Panamax,synthetic_public_proxy,8812.0,9757.0,9992.0,10713.0,10615.0,8207.0,8683.0,13485.0,10573.0,14496.0,12837.0,12164.0,598.6,620.0,603.9,433.3,488.7,407.5,8.13,7.64,8.65,8.21,7.44,6.32,9487.0,514.3118379608457,10075.75,1163.5107629306085,612.4000000000001,13.373356596856786,510.2416666666666,77.78658985073248,8.552499999999998,0.9223294783681384,8.153333333333332,0.8422192905256229,-1326.0,1180.0,193.8,5.2748632,-1.3299999999999983,0.3429394589731678,30,7,-0.464723172043768,-0.8854560256532101,9.30559276990335,0.48440723009664843,0.06891866,9.37451143018644,-0.7859024407909821,0.5440301175558703
2022-08-01,9312.0,11323.0,9651.0,660.2,77.13,0,3.0,0,9.93,AUS_PARADIP_PANAMAX,Panamax,synthetic_public_proxy,9387.0,8812.0,9757.0,9992.0,10976.0,8453.0,11694.0,8683.0,13485.0,10573.0,10116.0,9506.0,627.1,598.6,620.0,603.9,460.7,448.2,9.79,8.13,7.64,8.65,7.13,7.55,9317.0,388.82301029302494,10147.333333333334,1077.8698127947318,626.475,25.53890822516396,527.9083333333333,86.05034951419525,8.872499999999999,1.1590908793821302,8.351666666666667,0.9593163601169448,-680.0,859.0,56.30000000000007,5.8865877,-1.1500000000000057,0.2511352979000378,31,8,-0.5680647467311556,-0.8229838658936566,9.904738966217955,0.02526103378204425,-0.033113845,9.871625121525248,-0.7859024407909821,0.5440301175558703
2022-08-08,8363.0,8645.0,8058.0,702.1,76.83,0,5.3,0,11.24,AUS_PARADIP_PANAMAX,Panamax,synthetic_public_proxy,9312.0,9387.0,8812.0,9757.0,12383.0,8724.0,11323.0,11694.0,8683.0,13485.0,14721.0,9312.0,660.2,627.1,598.6,620.0,466.2,438.9,9.93,9.79,8.13,7.64,9.69,7.69,8968.5,477.5831515732767,10117.25,1125.2047995409146,647.0,44.530214461643865,549.8416666666667,94.43549465913308,9.7725,1.274947711346169,8.647499999999999,1.2423447406197654,-1394.0,-361.0,82.10000000000002,6.1477824000000005,-1.4300000000000068,-0.4283079791597958,32,8,-0.663122658240795,-0.7485107481711013,10.274517930007475,0.9654820699925253,0.30630937,10.580827302194136,-0.7859024407909821,0.6397281912464342
2022-08-15,7822.0,9370.0,8050.0,710.2,76.94,1,3.8,0,10.5,AUS_PARADIP_PANAMAX,Panamax,synthetic_public_proxy,8363.0,9312.0,9387.0,8812.0,11246.0,9851.0,8645.0,11323.0,11694.0,8683.0,12416.0,10670.0,702.1,660.2,627.1,598.6,445.2,492.1,11.24,9.93,9.79,8.13,8.1,7.82,8721.0,759.2105548967711,9948.166666666666,1306.666740105448,674.9000000000001,38.67324656658623,568.0166666666667,102.91895163700708,10.365,0.6592167069081535,8.870833333333334,1.3186112414433369,-990.0,-2029.0,111.60000000000002,5.8716623,-0.8900000000000006,-0.8337855007635071,33,8,-0.7485107481711011,-0.6631226582407952,10.487951205379982,0.012048794620017844,0.2345959,10.72254710019352,-0.7859024407909821,0.6397281912464342
2022-08-22,8160.0,10813.0,8813.0,747.8,77.16,0,4.0,0,10.24,AUS_PARADIP_PANAMAX,Panamax,synthetic_public_proxy,7822.0,8363.0,9312.0,9387.0,10713.0,10615.0,9370.0,8645.0,11323.0,11694.0,14496.0,12837.0,710.2,702.1,660.2,627.1,433.3,488.7,10.5,11.24,9.93,9.79,8.21,7.44,8414.25,638.7447977609393,9743.583333333334,1382.7436138040891,705.0749999999999,35.93655288606968,589.6083333333333,111.58035391047952,10.4775,0.5591883999752045,9.104166666666666,1.2898235138846803,-1227.0,-2455.0,120.69999999999992,5.555184400000001,-0.6700000000000017,-0.598453615854492,34,8,-0.8229838658936564,-0.5680647467311559,9.365060182191614,0.8749398178083858,0.23703058,9.602090762831454,-0.7859024407909821,0.6549200056784009
2022-08-29,8861.0,9930.0,8846.0,666.8,77.4,0,4.0,0,8.95,AUS_PARADIP_PANAMAX,Panamax,synthetic_public_proxy,8160.0,7822.0,8363.0,9312.0,9992.0,10976.0,10813.0,9370.0,8645.0,11323.0,10573.0,10116.0,747.8,710.2,702.1,660.2,603.9,460.7,10.24,10.5,11.24,9.93,8.65,7.13,8301.5,434.65120115635614,9567.333333333334,1345.6702509319566,706.725,33.23967258161976,606.7833333333334,105.63804267689756,10.2325,0.9541968699732938,9.255833333333332,1.1341994239698137,-451.0,-2115.0,6.599999999999909,6.102048,0.2700000000000102,-0.1065350227328643,35,8,-0.8854560256532096,-0.4647231720437691,9.8393921802311,-0.8893921802311002,-0.15482679,9.684565390136724,-0.7966259674691717,0.6549200056784009
2022-09-05,10523.0,9467.0,9574.0,646.7,76.84,0,2.9,0,9.52,AUS_PARADIP_PANAMAX,Panamax,synthetic_public_proxy,8861.0,8160.0,7822.0,8363.0,9757.0,12383.0,9930.0,10813.0,9370.0,8645.0,13485.0,14721.0,666.8,747.8,710.2,702.1,620.0,466.2,8.95,10.24,10.5,11.24,7.64,9.69,8841.5,1201.6162726372606,9412.333333333334,1070.9440468651997,692.875,45.19936393357718,621.8249999999999,96.23267376520288,9.802499999999998,0.7034379858951079,9.241666666666667,1.1293347465198678,2160.0,-1860.0,-55.39999999999998,5.9085148,0.0100000000000051,1.0306287391589266,36,9,-0.9350162426854148,-0.3546048870425359,9.015918391970756,0.5040816080292441,0.24264878,9.258567172316672,-0.7966259674691717,0.6549200056784009
2022-09-12,13355.0,15254.0,13447.0,610.8,77.28,0,2.9,0,10.56,AUS_PARADIP_PANAMAX,Panamax,synthetic_public_proxy,10523.0,8861.0,8160.0,7822.0,8812.0,11246.0,9467.0,9930.0,10813.0,9370.0,8683.0,12416.0,646.7,666.8,747.8,710.2,598.6,445.2,9.52,8.95,10.24,10.5,8.13,8.1,10224.75,2310.1532957793074,9588.083333333334,1490.203247781261,668.025,58.00864159761003,635.625,78.91761095079968,9.8175,0.7236193750862162,9.446666666666667,1.126525901193899,5533.0,2109.0,-99.40000000000008,6.8052241,0.3400000000000034,2.585493493142513,37,9,-0.970941817426052,-0.2393156642875577,9.947885308921089,0.6121146910789115,0.38356695,10.331452254712334,-0.7966259674691717,0.5934251036975494
2022-09-19,13746.0,14169.0,13228.0,607.6,76.96,0,3.4,0,11.3,AUS_PARADIP_PANAMAX,Panamax,synthetic_public_proxy,13355.0,10523.0,8861.0,8160.0,9387.0,10713.0,15254.0,9467.0,9930.0,10813.0,11694.0,14496.0,610.8,646.7,666.8,747.8,627.1,433.3,10.56,9.52,8.95,10.24,9.79,8.21,11621.25,2334.2082704848763,9840.833333333334,1899.378024193371,632.975,28.6829072213167,650.15,48.45444908740157,10.0825,1.0502817082415703,9.704166666666667,1.1704502500657192,5586.0,3033.0,-140.19999999999993,8.157233999999999,-0.2000000000000028,2.41410725469672,38,9,-0.992708874098054,-0.1205366802553235,10.35532309458778,0.944676905412221,0.47589207,10.831215161543346,-0.7966259674691717,0.6040843574261684
2022-09-26,12631.0,14227.0,12638.0,583.4,77.3,0,3.2,0,10.87,AUS_PARADIP_PANAMAX,Panamax,synthetic_public_proxy,13746.0,13355.0,10523.0,8861.0,9312.0,9992.0,14169.0,15254.0,9467.0,9930.0,11323.0,10573.0,607.6,610.8,646.7,666.8,660.2,603.9,11.3,10.56,9.52,8.95,9.93,8.65,12563.75,1436.7758755862594,10060.75,2064.105006358337,612.125,26.09461949649157,648.4416666666667,50.54939003918137,10.5625,0.7583479852065451,9.889166666666666,1.164110728358304,3770.0,2639.0,-83.39999999999998,8.3520696,-0.1000000000000085,1.6188665040760108,39,9,-1.0,-1.8369701987210294e-16,10.204002503805219,0.6659974961947803,0.45975572,10.663758222513257,-0.7238418634585351,0.6040843574261684
2022-10-03,10629.0,11979.0,10638.0,572.5,77.34,0,2.0,0,10.11,AUS_PARADIP_PANAMAX,Panamax,synthetic_public_proxy,12631.0,13746.0,13355.0,10523.0,8363.0,9757.0,14227.0,14169.0,15254.0,9467.0,8645.0,13485.0,583.4,607.6,610.8,646.7,702.1,620.0,10.87,11.3,10.56,9.52,11.24,7.64,12590.25,1386.694240511102,10133.416666666666,2067.785440704305,593.575,18.628718868099504,644.4833333333333,54.67078051778847,10.71,0.5020624131189517,10.095,0.9238407969893564,106.0,872.0,-74.20000000000005,7.368925399999999,0.5,0.4207272180569639,40,10,-0.992708874098054,0.1205366802553232,9.811197115745783,0.29880288425421675,0.13616392,9.947361035909891,-0.7238418634585351,0.6040843574261684
2022-10-10,10912.0,10116.0,10048.0,622.5,76.75,0,2.3,0,10.16,AUS_PARADIP_PANAMAX,Panamax,synthetic_public_proxy,10629.0,12631.0,13746.0,13355.0,7822.0,8812.0,11979.0,14227.0,14169.0,15254.0,9370.0,8683.0,572.5,583.4,607.6,610.8,710.2,598.6,10.11,10.87,11.3,10.56,10.5,8.13,11979.5,1472.9088000732866,10308.416666666666,2034.3784602914425,596.5,22.70697396542932,646.475,53.26453920164515,10.61,0.5762522595763298,10.264166666666666,0.6867506935938427,-2443.0,2100.0,11.700000000000044,6.0851025,-0.5300000000000011,0.5309045485569712,41,10,-0.970941817426052,0.2393156642875573,10.20964068644827,-0.04964068644826902,-0.0016341791,10.208006507299446,-0.5892676254353254,0.6040843574261684
2022-10-17,10264.0,9449.0,9425.0,607.2,76.65,1,3.6,0,11.7,AUS_PARADIP_PANAMAX,Panamax,synthetic_public_proxy,10912.0,10629.0,12631.0,13746.0,8160.0,9387.0,10116.0,11979.0,14227.0,14169.0,10813.0,11694.0,622.5,572.5,583.4,607.6,747.8,627.1,10.16,10.11,10.87,11.3,10.24,9.79,11109.0,1048.7640344710503,10381.5,2013.9180041087895,596.4,22.64258524697843,644.8166666666667,54.223742423630256,10.71,0.7456987774341756,10.423333333333334,0.7816455059487026,-3482.0,877.0,-0.3999999999999772,6.79272,-0.309999999999988,0.1037160648098099,42,10,-0.9350162426854148,0.3546048870425355,11.305372013762712,0.39462798623728723,0.1565086,11.46188060851407,-0.18763898161470496,0.6040843574261684
2022-10-24,9990.0,12116.0,10341.0,610.0,76.87,0,2.5,0,9.25,AUS_PARADIP_PANAMAX,Panamax,synthetic_public_proxy,10264.0,10912.0,10629.0,12631.0,8861.0,9312.0,9449.0,10116.0,11979.0,14227.0,9930.0,11323.0,607.2,622.5,572.5,583.4,666.8,660.2,11.7,10.16,10.11,10.87,8.95,9.93,10448.75,404.8352545583548,10438.0,1990.560862032444,603.05,21.425296575154995,640.6333333333333,54.86173253707593,10.305,1.0194933382160116,10.366666666666664,0.8429098229923986,-2641.0,678.0,26.600000000000023,6.232300800000001,-0.4299999999999926,-0.0947971974032524,43,10,-0.8854560256532101,0.464723172043768,9.585246035593308,-0.33524603559330757,-0.14010447,9.445141562956131,-0.21706599274604202,0.6040843574261684
2022-10-31,9583.0,10553.0,9492.0,592.6,77.21,1,2.5,0,10.16,AUS_PARADIP_PANAMAX,Panamax,synthetic_public_proxy,9990.0,10264.0,10912.0,10629.0,10523.0,8363.0,12116.0,9449.0,10116.0,11979.0,9467.0,8645.0,610.0,607.2,622.5,572.5,646.7,702.1,9.25,11.7,10.16,10.11,9.52,11.24,10187.25,558.3245024177198,10539.666666666666,1904.230330478944,608.075,12.275008486080386,631.5083333333333,52.77548429360175,10.3175,1.0166079218001534,10.276666666666666,0.7976252632697693,-1046.0,1220.0,20.100000000000023,6.0939,-0.1300000000000096,-0.3931273025104306,44,10,-0.822983865893657,0.5680647467311548,10.578634340983598,-0.41863434098359775,-0.10845498,10.470179361027448,-0.2926529088606621,0.6040843574261684
2022-11-07,9561.0,7216.0,8145.0,585.0,77.19,0,1.6,0,8.23,AUS_PARADIP_PANAMAX,Panamax,synthetic_public_proxy,9583.0,9990.0,10264.0,10912.0,13355.0,7822.0,10553.0,12116.0,9449.0,10116.0,15254.0,9370.0,592.6,610.0,607.2,622.5,610.8,710.2,10.16,9.25,11.7,10.16,10.56,10.5,9849.5,339.51190455318,10684.583333333334,1737.477034947652,598.7,11.900140055198907,621.075,47.96036479124255,9.835,1.4721979033631414,10.0875,0.9866299389151674,-1351.0,1739.0,-37.5,5.6788858,0.4399999999999977,-0.4446136419675196,45,11,-0.7485107481711011,0.6631226582407952,8.819171829855646,-0.5891718298556459,-0.22759928,8.591572551763262,-0.35129391361609874,0.4273144363019893
2022-11-14,10508.0,12775.0,10889.0,575.3,77.95,0,3.4,0,10.1,AUS_PARADIP_PANAMAX,Panamax,synthetic_public_proxy,9561.0,9583.0,9990.0,10264.0,13746.0,8160.0,7216.0,10553.0,12116.0,9449.0,14169.0,10813.0,585.0,592.6,610.0,607.2,607.6,747.8,8.23,10.16,9.25,11.7,11.3,10.24,9910.5,444.4970941037307,10880.25,1549.349606946809,590.725,14.671372351170374,606.6999999999999,28.378288756146823,9.435,0.9044519519208852,10.075833333333334,0.9854898028469204,244.0,2348.0,-31.90000000000009,5.593185,1.2999999999999972,0.1356859249563,46,11,-0.6631226582407955,0.7485107481711007,9.06823675988945,1.0317632401105499,0.24455343,9.312790191758003,-0.35129391361609874,0.6040843574261684
2022-11-21,10697.0,12212.0,10768.0,559.2,78.46,1,2.6,0,10.83,AUS_PARADIP_PANAMAX,Panamax,synthetic_public_proxy,10508.0,9561.0,9583.0,9990.0,12631.0,8861.0,12775.0,7216.0,10553.0,12116.0,14227.0,9930.0,575.3,585.0,592.6,610.0,583.4,666.8,10.1,8.23,10.16,9.25,10.87,8.95,10087.25,600.0090971532522,11033.25,1416.8026824190658,578.0250000000001,14.40934303383364,597.7333333333333,24.379623881554117,9.83,1.1168109359541707,10.2325,0.9385590987350184,707.0,1836.0,-50.79999999999996,6.0452524,1.5899999999999892,0.2408798717359091,47,11,-0.5680647467311559,0.8229838658936564,10.496484220329066,0.33351577967093426,0.099565275,10.596049495342513,-0.35129391361609874,0.4273144363019893
2022-11-28,10611.0,10478.0,10027.0,590.9,78.37,0,1.8,0,9.14,AUS_PARADIP_PANAMAX,Panamax,synthetic_public_proxy,10697.0,10508.0,9561.0,9583.0,10629.0,10523.0,12212.0,12775.0,7216.0,10553.0,11979.0,9467.0,559.2,575.3,585.0,592.6,572.5,646.7,10.83,10.1,8.23,10.16,10.11,9.52,10344.25,527.851857374138,11040.583333333334,1414.1468008107197,577.6,13.850391089545331,593.0833333333334,18.895686536798717,9.575,1.1326811849178178,10.200833333333334,0.9706460672556688,1028.0,88.0,-1.7000000000000457,5.9817624,1.1600000000000108,0.1832211418197939,48,11,-0.4647231720437684,0.88545602565321,9.115401658625684,0.02459834137431649,0.013120304,9.128521962487481,-0.2871718014131843,0.4273144363019893
2022-12-05,9815.0,9336.0,9133.0,637.4,78.76,0,1.2,0,8.17,AUS_PARADIP_PANAMAX,Panamax,synthetic_public_proxy,10611.0,10697.0,10508.0,9561.0,10912.0,13355.0,10478.0,12212.0,12775.0,7216.0,10116.0,15254.0,590.9,559.2,575.3,585.0,622.5,610.8,9.14,10.83,10.1,8.23,10.16,10.56,10407.75,402.6490407290125,10745.583333333334,1246.783239769641,590.7,33.716168228314764,595.3000000000001,22.39853891338742,9.56,1.1565754046610328,10.001666666666669,1.1234268462111756,254.0,-3540.0,52.39999999999998,6.2700399,1.5700000000000074,-0.3220011982166646,49,12,-0.3546048870425359,0.9350162426854148,8.700314629310316,-0.5303146293103165,-0.26381063,8.43650399469728,-0.301444287761414,0.4226517490625097
2022-12-12,8654.0,11164.0,9225.0,640.2,79.72,0,1.1,0,9.01,AUS_PARADIP_PANAMAX,Panamax,synthetic_public_proxy,9815.0,10611.0,10697.0,10508.0,10264.0,13746.0,9336.0,10478.0,12212.0,12775.0,9449.0,14169.0,637.4,590.9,559.2,575.3,607.2,607.6,8.17,9.14,10.83,10.1,11.7,11.3,9944.25,947.38917557675,10321.25,968.1598407667684,606.925,39.0317285465729,598.0166666666667,25.751957854371334,9.2875,1.114581386291209,9.810833333333331,1.0763444728536191,-1854.0,-5092.0,64.90000000000009,6.256081,1.769999999999996,-1.0274484519867562,50,12,-0.2393156642875578,0.970941817426052,9.594860821205796,-0.5848608212057957,-0.13721591,9.457644908863724,-0.35129391361609874,0.4226517490625097
2022-12-19,8433.0,10030.0,8650.0,652.0,80.68,0,1.2,0,10.36,AUS_PARADIP_PANAMAX,Panamax,synthetic_public_proxy,8654.0,9815.0,10611.0,10697.0,9990.0,12631.0,11164.0,9336.0,10478.0,12212.0,12116.0,14227.0,640.2,637.4,590.9,559.2,610.0,583.4,9.01,8.17,9.14,10.83,9.25,10.87,9378.25,1021.1853814725944,9971.416666666666,801.8507521906455,630.125,26.90444510980828,603.7333333333333,29.54686057260485,9.17,0.9023303164585385,9.768333333333333,1.0401820936157764,-2264.0,-4198.0,92.79999999999995,5.540290800000001,2.220000000000013,-1.09017463247737,51,12,-0.1205366802553236,0.992708874098054,9.440680274140737,0.9193197258592622,0.14673474,9.587415018451116,-0.35129391361609874,0.6656918635362927
2022-12-26,8516.0,12659.0,9747.0,607.9,80.1,0,1.0,0,9.22,AUS_PARADIP_PANAMAX,Panamax,synthetic_public_proxy,8433.0,8654.0,9815.0,10611.0,9583.0,10629.0,10030.0,11164.0,9336.0,10478.0,10553.0,11979.0,652.0,640.2,637.4,590.9,592.6,572.5,10.36,9.01,8.17,9.14,10.16,10.11,8854.5,646.7882188166345,9795.333333333334,873.1535669720337,634.375,18.74964444107371,606.6833333333333,27.86427603200661,9.19,0.9023303164585385,9.694166666666666,1.0453225542502922,-2095.0,-2113.0,17.0,5.498316,1.7299999999999898,-0.9618485553703348,52,12,6.432490598706546e-16,1.0,9.250054773957384,-0.03005477395738332,0.051218502,9.301273276180876,-0.35129391361609874,0.6656918635362927
2023-01-02,9946.0,12356.0,10413.0,600.3,79.68,0,0.9,0,8.82,AUS_PARADIP_PANAMAX,Panamax,synthetic_public_proxy,8516.0,8433.0,8654.0,9815.0,9561.0,10912.0,12659.0,10030.0,11164.0,9336.0,7216.0,10116.0,607.9,652.0,640.2,637.4,585.0,622.5,9.22,10.36,9.01,8.17,8.23,10.16,8887.25,711.6943983667859,9714.833333333334,802.5165909741164,625.1,24.91652731287717,604.8333333333334,27.45261482274578,9.3525,0.6912488698002808,9.5825,1.062468181341799,131.0,-966.0,-37.10000000000002,5.176876399999999,0.9200000000000016,-0.0064674823349063,1,1,0.120536680255323,0.992708874098054,8.9925138519007,-0.17251385190069968,-0.09438542,8.898128429134491,-0.35129391361609874,0.6656918635362927
2023-01-09,10126.0,12608.0,10613.0,624.5,80.41,0,0.8,0,9.29,AUS_PARADIP_PANAMAX,Panamax,synthetic_public_proxy,9946.0,8516.0,8433.0,8654.0,10508.0,10264.0,12356.0,12659.0,10030.0,11164.0,12775.0,9449.0,600.3,607.9,652.0,640.2,575.3,607.2,8.82,9.22,10.36,9.01,10.1,11.7,9255.25,905.1568464452232,9703.333333333334,794.8841348772958,621.175,22.89998180494227,606.275,28.03624683090831,9.4225,0.6584008404208124,9.381666666666666,0.827645437187378,1472.0,-138.0,-15.700000000000044,5.9705838,0.6899999999999977,0.1041872396836347,2,1,0.2393156642875577,0.970941817426052,9.250428496650738,0.039571503349261405,0.07609052,9.3265190187612,-0.35129391361609874,0.6656918635362927
2023-01-16,11028.0,12406.0,11028.0,645.7,79.92,0,1.8,0,9.97,AUS_PARADIP_PANAMAX,Panamax,synthetic_public_proxy,10126.0,9946.0,8516.0,8433.0,10697.0,9990.0,12608.0,12356.0,12659.0,10030.0,12212.0,12116.0,624.5,600.3,607.9,652.0,559.2,610.0,9.29,8.82,9.22,10.36,10.83,9.25,9904.0,1039.3857160201217,9789.833333333334,880.7551339966408,619.6,20.12129883150408,609.25,30.2723846554455,9.325,0.4772490614624958,9.441666666666668,0.8431847994720505,2595.0,1038.0,-6.2999999999999545,6.323687,-0.7600000000000051,0.6516613277651844,3,1,0.3546048870425356,0.9350162426854148,9.353134156260834,0.6168658437391663,0.23661672,9.589750872049676,-0.35129391361609874,0.6941178108291719
2023-01-23,10633.0,13900.0,11408.0,644.9,79.31,0,0.8,0,9.92,AUS_PARADIP_PANAMAX,Panamax,synthetic_public_proxy,11028.0,10126.0,9946.0,8516.0,10611.0,9583.0,12406.0,12608.0,12356.0,12659.0,10478.0,10553.0,645.7,624.5,600.3,607.9,590.9,592.6,9.97,9.29,8.82,9.22,9.14,10.16,10433.25,491.7461235230986,9877.333333333334,910.0100232552784,628.8499999999999,21.41300228054635,613.6083333333332,31.40114237450957,9.5,0.5488776427099512,9.421666666666669,0.8272938725237046,2117.0,1050.0,37.0,7.1207796000000005,-0.789999999999992,0.3555304806730256,4,1,0.4647231720437685,0.8854560256532099,9.25617272184745,0.6638272781525494,0.13729462,9.393467342122948,-0.35129391361609874,0.7233745168145171
2023-01-30,9718.0,12043.0,10162.0,666.2,79.1,1,0.8,0,10.27,AUS_PARADIP_PANAMAX,Panamax,synthetic_public_proxy,10633.0,11028.0,10126.0,9946.0,9815.0,9561.0,13900.0,12406.0,12608.0,12356.0,9336.0,7216.0,644.9,645.7,624.5,600.3,637.4,585.0,9.92,9.97,9.29,8.82,8.17,8.23,10376.25,573.4738442161024,9890.416666666666,906.169105062916,645.325,17.027110735530243,620.375,33.36348371280377,9.8625,0.4117746147269151,9.591666666666669,0.7676035119221812,-228.0,157.0,65.90000000000009,6.8572217,-0.5800000000000125,-0.2699612486537276,5,1,0.5680647467311558,0.8229838658936564,10.334117083983056,-0.06411708398305649,0.047917973,10.382035057233207,-0.34255884035006506,0.7233745168145171
2023-02-06,9072.0,11738.0,9685.0,673.5,79.33,0,1.9,0,9.09,AUS_PARADIP_PANAMAX,Panamax,synthetic_public_proxy,9718.0,10633.0,11028.0,10126.0,8654.0,10508.0,12043.0,13900.0,12406.0,12608.0,11164.0,12775.0,666.2,644.9,645.7,624.5,640.2,575.3,10.27,9.92,9.97,9.29,9.01,10.1,10112.75,884.5584114875218,9770.75,911.9969223437502,657.575,14.487552128177857,628.5583333333334,33.34564053102319,9.8125,0.5058573580238132,9.5075,0.7621515597308158,-1054.0,-1436.0,49.0,6.474131600000001,-1.0799999999999983,-0.7371642606831148,6,2,0.6631226582407952,0.7485107481711011,9.09695266377858,-0.0069526637785806145,0.011319103,9.108271766498007,-0.2356102072044649,0.7233745168145171
2023-02-13,8657.0,9188.0,8437.0,704.9,79.31,0,1.3,0,9.3,AUS_PARADIP_PANAMAX,Panamax,synthetic_public_proxy,9072.0,9718.0,10633.0,11028.0,8433.0,10697.0,11738.0,12043.0,13900.0,12406.0,10030.0,12212.0,673.5,666.2,644.9,645.7,652.0,559.2,9.09,10.27,9.92,9.97,10.36,10.83,9520.0,860.8999167537773,9600.75,913.7745022213832,672.375,24.84718293891681,640.6999999999999,32.30491096918921,9.645,0.5456800039096465,9.38,0.6387914725907524,-2371.0,-2040.0,59.19999999999993,6.109992,-0.6099999999999994,-1.0771718681235154,7,2,0.7485107481711011,0.6631226582407953,9.227473126468317,0.07252687353168419,0.045117978,9.272591104474918,-0.2356102072044649,0.4972759518917067
2023-02-20,10399.0,10896.0,10078.0,703.1,79.03,0,1.6,0,10.54,AUS_PARADIP_PANAMAX,Panamax,synthetic_public_proxy,8657.0,9072.0,9718.0,10633.0,8516.0,10611.0,9188.0,11738.0,12043.0,13900.0,12659.0,10478.0,704.9,673.5,666.2,644.9,607.9,590.9,9.3,9.09,10.27,9.92,9.22,9.14,9461.5,762.3710819979079,9583.083333333334,894.309023094772,686.925,19.9540096221284,650.0500000000001,32.81397983675916,9.8,0.7124137374682625,9.496666666666666,0.7143507329716162,-234.0,-212.0,58.200000000000045,6.1023193,-0.2800000000000011,0.099810122827822,8,2,0.8229838658936564,0.5680647467311559,9.716381580266694,0.8236184197333056,0.28673124,10.003112823400238,-0.2356102072044649,0.5348162728552189
2023-02-27,9793.0,10369.0,9534.0,679.1,78.74,0,1.8,0,9.75,AUS_PARADIP_PANAMAX,Panamax,synthetic_public_proxy,10399.0,8657.0,9072.0,9718.0,9946.0,9815.0,10896.0,9188.0,11738.0,12043.0,12356.0,9336.0,703.1,704.9,673.5,666.2,600.3,637.4,10.54,9.3,9.09,10.27,8.82,8.17,9480.25,771.6481819240299,9581.25,893.8127854620295,690.1500000000001,16.171889190814774,653.525,33.55226926345274,9.67,0.6420280367711094,9.628333333333332,0.5807022916394132,75.0,-22.0,12.899999999999975,7.3115369,-0.3599999999999994,-0.3828118477710204,9,2,0.8854560256532099,0.4647231720437686,10.263601306272518,-0.513601306272518,-0.026760727,10.236840579105388,-0.4114167260304352,0.5348162728552189
2023-03-06,10558.0,13170.0,11075.0,680.4,78.43,0,1.7,0,10.17,AUS_PARADIP_PANAMAX,Panamax,synthetic_public_proxy,9793.0,10399.0,8657.0,9072.0,10126.0,8654.0,10369.0,10896.0,9188.0,11738.0,12608.0,11164.0,679.1,703.1,704.9,673.5,624.5,640.2,9.75,10.54,9.3,9.09,9.29,9.01,9851.75,862.0036252823963,9739.916666666666,883.1792218341784,691.875,14.030057020553803,656.875,34.10324231453072,9.94,0.5349766350039645,9.725,0.5647445118250175,1486.0,1904.0,6.899999999999977,6.6504263,-0.8999999999999915,0.1937501611906824,10,3,0.9350162426854148,0.3546048870425355,9.849658716305735,0.3203412836942654,0.07792034,9.927579056307318,-0.38052293853762076,0.5348162728552189
2023-03-13,9873.0,13676.0,10901.0,578.9,78.05,0,2.1,0,10.61,AUS_PARADIP_PANAMAX,Panamax,synthetic_public_proxy,10558.0,9793.0,10399.0,8657.0,11028.0,8433.0,13170.0,10369.0,10896.0,9188.0,12406.0,10030.0,680.4,679.1,703.1,704.9,645.7,652.0,10.17,9.75,10.54,9.3,9.97,10.36,10155.75,379.6975770267621,9859.916666666666,781.4288146882428,660.375,55.42330286080046,650.7833333333333,40.90385252656669,10.2675,0.3953374086357533,9.745833333333334,0.5941450440199318,1216.0,1440.0,-126.0,7.1836632,-1.2600000000000051,-0.2515032528451801,11,3,0.970941817426052,0.239315664287558,10.932625541672262,-0.322625541672263,0.008455395,10.941080936439487,-0.2872717605982316,0.5348162728552189
2023-03-20,10720.0,12172.0,10765.0,587.0,79.17,0,1.8,0,9.89,AUS_PARADIP_PANAMAX,Panamax,synthetic_public_proxy,9873.0,10558.0,9793.0,10399.0,10633.0,8516.0,13676.0,13170.0,10369.0,10896.0,13900.0,12659.0,578.9,680.4,679.1,703.1,644.9,607.9,10.61,10.17,9.75,10.54,9.92,9.22,10236.0,471.1539026687501,10043.583333333334,690.5709703950299,631.35,55.987766520910895,649.0416666666666,43.27219258964256,10.105,0.3792536530259116,9.801666666666668,0.5712797966502219,321.0,2204.0,-116.10000000000002,5.7154797,0.1400000000000005,0.7229137132211056,12,3,0.992708874098054,0.120536680255323,9.327087082075613,0.5629129179243879,0.16902845,9.496115528153913,-0.2872717605982316,0.5000030206708591
2023-03-27,11106.0,11683.0,10782.0,486.1,79.34,0,3.3,0,9.53,AUS_PARADIP_PANAMAX,Panamax,synthetic_public_proxy,10720.0,9873.0,10558.0,9793.0,9718.0,9946.0,12172.0,13676.0,13170.0,10369.0,12043.0,12356.0,587.0,578.9,680.4,679.1,666.2,600.3,9.89,10.61,10.17,9.75,10.27,8.82,10564.25,514.9811485222808,10140.25,753.9498566645185,583.1,79.39172920819098,639.525,63.01857049531269,10.05,0.456070170039836,9.860833333333334,0.4915736943427801,1313.0,1160.0,-193.0,6.29264,0.6000000000000085,1.4019129125532146,13,3,1.0,-1.6081226496766366e-16,9.645289126477234,-0.11528912647723466,-0.19958307,9.445706057987206,-0.2872717605982316,0.5000030206708591
2023-04-03,11001.0,13263.0,11356.0,448.3,79.79,0,2.8,0,8.52,AUS_PARADIP_PANAMAX,Panamax,synthetic_public_proxy,11106.0,10720.0,9873.0,10558.0,9072.0,10126.0,11683.0,12172.0,13676.0,13170.0,11738.0,12608.0,486.1,587.0,578.9,680.4,673.5,624.5,9.53,9.89,10.61,10.17,9.09,9.29,10675.0,558.9472247001447,10213.166666666666,793.7099118968031,525.075,68.66655542062256,624.8416666666667,83.90405189406765,9.6375,0.8698419396649959,9.796666666666669,0.6090728174609418,443.0,875.0,-232.1,5.398626600000001,1.3599999999999994,1.2283206404853002,14,4,0.992708874098054,-0.1205366802553228,8.938428091657729,-0.418428091657729,-0.13160846,8.806819635284514,-0.32222867620849305,0.5000030206708591
2023-04-10,11004.0,11948.0,10831.0,463.2,79.58,0,2.2,0,9.09,AUS_PARADIP_PANAMAX,Panamax,synthetic_public_proxy,11001.0,11106.0,10720.0,9873.0,8657.0,11028.0,13263.0,11683.0,12172.0,13676.0,9188.0,12406.0,448.3,486.1,587.0,578.9,704.9,645.7,8.52,9.53,9.89,10.61,9.3,9.97,10957.75,165.84405325483914,10211.166666666666,791.4971812202458,496.15,62.53012607269225,609.6333333333333,95.51593235336873,9.2575,0.5905576460714855,9.723333333333334,0.6385684747697858,1131.0,-24.0,-115.7,4.9317483,1.5300000000000011,1.2211607110554452,15,4,0.970941817426052,-0.2393156642875575,9.423484639098232,-0.33348463909823245,-0.045937784,9.3775468550821,-0.3223741201680102,0.5000030206708591
2023-04-17,10478.0,13593.0,11200.0,478.2,79.51,0,2.4,0,9.5,AUS_PARADIP_PANAMAX,Panamax,synthetic_public_proxy,11004.0,11001.0,11106.0,10720.0,10399.0,10633.0,11948.0,13263.0,11683.0,12172.0,10896.0,13900.0,463.2,448.3,486.1,587.0,703.1,644.9,9.09,8.52,9.53,9.89,10.54,9.92,10897.25,283.72918425850014,10198.25,785.2272543091577,468.95,16.724931489649702,595.7416666666667,101.83385272396424,9.16,0.4715223571936895,9.688333333333334,0.6383192893463498,-242.0,-155.0,-108.8,5.0970528,0.3400000000000034,0.562103442313555,16,4,0.9350162426854148,-0.3546048870425354,9.20842323269269,0.2915767673073102,0.06825839,9.276681622523279,-0.3223741201680102,0.5000030206708591
2023-04-24,10918.0,9132.0,9658.0,454.0,79.2,0,2.1,0,9.85,AUS_PARADIP_PANAMAX,Panamax,synthetic_public_proxy,10478.0,11004.0,11001.0,11106.0,9793.0,9718.0,13593.0,11948.0,13263.0,11683.0,10369.0,12043.0,478.2,463.2,448.3,486.1,679.1,666.2,9.5,9.09,8.52,9.53,9.75,10.27,10850.25,251.3462087771776,10298.25,794.8584922664371,460.925,13.050510845690363,578.0583333333333,106.79010388551352,9.239999999999998,0.5717225434306635,9.653333333333332,0.6146001410132019,-188.0,1200.0,-32.10000000000002,5.0105796,-0.1400000000000005,1.0329580595968308,17,4,0.8854560256532099,-0.4647231720437685,9.242010755971506,0.6079892440284933,0.093260616,9.335271372035578,-0.3223741201680102,0.4905597967407549
2023-05-01,10568.0,10424.0,9982.0,442.2,77.97,1,3.2,0,10.39,AUS_PARADIP_PANAMAX,Panamax,synthetic_public_proxy,10918.0,10478.0,11004.0,11001.0,10558.0,9072.0,9132.0,13593.0,11948.0,13263.0,13170.0,11738.0,454.0,478.2,463.2,448.3,680.4,673.5,9.85,9.5,9.09,8.52,10.17,9.09,10742.0,257.93539242736847,10422.916666666666,696.2480564148086,459.4,15.197368193215237,558.7833333333333,108.851632412141,9.7075,0.5509007775151786,9.761666666666668,0.6208181307881278,-433.0,1496.0,-6.100000000000023,4.956772,-1.8200000000000076,0.5690616756142957,18,5,0.8229838658936565,-0.5680647467311557,9.91685062142713,0.4731493785728702,0.1176823,10.034532921935153,-0.3223741201680102,0.4905597967407549
2023-05-08,9630.0,10277.0,9407.0,478.7,77.37,0,2.7,0,7.69,AUS_PARADIP_PANAMAX,Panamax,synthetic_public_proxy,10568.0,10918.0,10478.0,11004.0,9873.0,8657.0,10424.0,9132.0,13593.0,11948.0,13676.0,9188.0,442.2,454.0,478.2,463.2,578.9,704.9,10.39,9.85,9.5,9.09,10.61,9.3,10398.5,546.3585513805567,10504.0,501.2471718359261,463.275,18.173859432349897,539.9333333333333,100.5145157615947,9.3575,1.170395232389538,9.6275,0.8582341807985883,-1374.0,973.0,15.5,4.6731696,-2.2099999999999937,-0.5566826725051635,19,5,0.7485107481711013,-0.663122658240795,8.544972828945916,-0.8549728289459155,-0.37725744,8.167715392432015,-0.4483885012335094,0.4905597967407549
2023-05-15,8771.0,7163.0,7689.0,470.2,76.58,0,3.0,0,8.6,AUS_PARADIP_PANAMAX,Panamax,synthetic_public_proxy,9630.0,10568.0,10918.0,10478.0,10720.0,10399.0,10277.0,10424.0,9132.0,13593.0,12172.0,10896.0,478.7,442.2,454.0,478.2,587.0,703.1,7.69,10.39,9.85,9.5,9.89,10.54,9971.75,967.7287412630982,10368.333333333334,709.361727616353,461.275,16.33062052301795,520.525,87.82939169466299,9.1325,1.2193543373442195,9.465833333333334,0.8534258058324243,-1707.0,-1628.0,-8.0,4.609881,-2.930000000000007,-1.446106002094581,20,5,0.6631226582407952,-0.7485107481711012,9.744464687511714,-1.1444646875117144,-0.46941835,9.275046340629848,-0.4850155417707137,0.4905597967407549
2023-05-22,9005.0,9030.0,8565.0,529.7,75.6,1,3.0,0,10.93,AUS_PARADIP_PANAMAX,Panamax,synthetic_public_proxy,8771.0,9630.0,10568.0,10918.0,11106.0,9793.0,7163.0,10277.0,10424.0,9132.0,11683.0,10369.0,470.2,478.7,442.2,454.0,486.1,679.1,8.6,7.69,10.39,9.85,9.53,9.75,9493.5,802.8742118165175,10302.666666666666,798.3539125586915,480.2,36.49885842963859,508.0750000000001,72.57105765448715,9.4025,1.5149339919614189,9.564166666666669,0.9514912538014848,-1913.0,-788.0,75.70000000000005,4.1241242,-3.6000000000000085,-1.08802287628484,21,5,0.5680647467311558,-0.8229838658936564,10.693268247785182,0.23673175221481735,-0.12854956,10.56471868688068,-0.4850155417707137,0.388163840100734
2023-05-29,10335.0,10285.0,9798.0,529.7,75.12,0,3.0,0,9.44,AUS_PARADIP_PANAMAX,Panamax,synthetic_public_proxy,9005.0,8771.0,9630.0,10568.0,11001.0,10558.0,9030.0,7163.0,10277.0,10424.0,13263.0,13170.0,529.7,470.2,478.7,442.2,448.3,680.4,10.93,8.6,7.69,10.39,8.52,10.17,9435.25,700.9091120347398,10284.083333333334,794.4560698808332,502.075,32.08679634990246,495.51666666666665,49.36997308510742,9.165,1.376674737668086,9.503333333333332,0.9323804659759072,-233.0,-223.0,87.50000000000006,4.7699485,-2.8499999999999943,0.438079933556785,22,5,0.464723172043769,-0.8854560256532096,10.20247715460554,-0.7624771546055413,-0.45490208,9.747575071923885,-0.4483885012335094,0.388163840100734
2023-06-05,10531.0,11617.0,10439.0,540.6,75.79,0,3.2,0,9.0,AUS_PARADIP_PANAMAX,Panamax,synthetic_public_proxy,10335.0,9005.0,8771.0,9630.0,11004.0,9873.0,10285.0,9030.0,7163.0,10277.0,11948.0,13676.0,529.7,529.7,470.2,478.7,463.2,578.9,9.44,10.93,8.6,7.69,9.09,10.61,9660.5,900.6684554633079,10338.916666666666,786.1680896298918,517.5500000000001,31.98213042726773,492.3250000000001,44.48577147399327,9.4925,1.0178858809644762,9.369166666666668,0.8725767310186935,901.0,658.0,61.900000000000034,5.474449500000001,-1.5799999999999983,0.6260223875808546,23,6,0.3546048870425358,-0.9350162426854148,10.128091988299175,-1.1280919882991753,-0.35375246,9.77433952424316,-0.6355801509902812,0.388163840100734
2023-06-12,10486.0,13822.0,11296.0,585.5,75.83,0,3.4,0,11.76,AUS_PARADIP_PANAMAX,Panamax,synthetic_public_proxy,10531.0,10335.0,9005.0,8771.0,10478.0,10720.0,11617.0,10285.0,9030.0,7163.0,13593.0,12172.0,540.6,529.7,529.7,470.2,478.2,587.0,9.0,9.44,10.93,8.6,9.5,9.89,10089.25,727.677756061473,10319.416666666666,778.7232509152088,546.375,26.58462901753687,492.2000000000001,44.196729619858736,10.2825,1.285414978389014,9.525,1.1090003688826862,1715.0,-234.0,115.3,5.6930586000000005,-0.75,0.5171263950208828,24,6,0.2393156642875576,-0.970941817426052,11.844323297818551,-0.08432329781855152,-0.42997682,11.414346476872812,-0.6355801509902812,0.388163840100734
2023-06-19,10787.0,11981.0,10725.0,585.8,76.48,0,4.0,0,11.11,AUS_PARADIP_PANAMAX,Panamax,synthetic_public_proxy,10486.0,10531.0,10335.0,9005.0,10918.0,11106.0,13822.0,11617.0,10285.0,9030.0,9132.0,11683.0,585.5,540.6,529.7,529.7,454.0,486.1,11.76,9.0,9.44,10.93,9.85,9.53,10534.75,187.90134823002427,10292.833333333334,754.4986093532268,560.4,29.49406720003272,500.50833333333327,51.682834469365815,10.3275,1.3183670455024386,9.656666666666666,1.1997297675525225,1782.0,-319.0,56.09999999999991,6.139553,0.8800000000000097,0.8215558189311815,25,6,0.120536680255323,-0.992708874098054,13.105595144396087,-1.9955951443960878,-0.30105382,12.80454132235553,-0.7544808875204978,0.3633184661084258
2023-06-26,12026.0,12223.0,11504.0,553.8,76.72,1,3.2,0,11.38,AUS_PARADIP_PANAMAX,Panamax,synthetic_public_proxy,10787.0,10486.0,10531.0,10335.0,10568.0,11001.0,11981.0,13822.0,11617.0,10285.0,10424.0,13263.0,585.8,585.5,540.6,529.7,442.2,448.3,11.11,11.76,9.0,9.44,10.39,8.52,10957.5,724.5635467875314,10378.25,888.142302787563,566.425,22.84416409793481,509.3,50.96258877397657,10.8125,1.2373998275955502,9.895,1.2368986142034009,1691.0,1025.0,24.09999999999991,6.3190246,1.5999999999999943,2.1939656388106403,26,6,-3.216245299353273e-16,-1.0,14.253970817796564,-2.873970817796563,-0.23835629,14.015614525548791,-1.510500962733056,0.3633184661084258
2023-07-03,12238.0,14109.0,12375.0,549.4,77.13,1,3.4,0,11.19,AUS_PARADIP_PANAMAX,Panamax,synthetic_public_proxy,12026.0,10787.0,10486.0,10531.0,9630.0,11004.0,12223.0,11981.0,13822.0,11617.0,10277.0,11948.0,553.8,585.8,585.5,540.6,478.7,463.2,11.38,11.11,11.76,9.0,7.69,9.09,11384.25,876.4117658574237,10481.083333333334,1027.6617287749243,568.625,19.74105282569058,516.4833333333332,49.938723057423566,11.36,0.2897125011688308,10.07,1.2609736497860116,1707.0,1234.0,8.799999999999955,6.659998799999999,1.3399999999999892,2.1247185364620558,27,7,-0.1205366802553228,-0.992708874098054,13.862612452997366,-2.6726124529973667,-0.14120482,13.721407633914152,-2.364034371602428,0.3633184661084258
2023-07-10,11833.0,15849.0,12848.0,547.2,76.76,0,3.8,0,10.7,AUS_PARADIP_PANAMAX,Panamax,synthetic_public_proxy,12238.0,12026.0,10787.0,10486.0,8771.0,10478.0,14109.0,12223.0,11981.0,13822.0,7163.0,13593.0,549.4,553.8,585.8,585.5,470.2,478.2,11.19,11.38,11.11,11.76,8.6,9.5,11721.0,644.2602993614676,10594.0,1099.2411432028323,559.05,18.04318892731317,522.2333333333333,49.09525682206205,11.095,0.2866472861668701,10.17,1.2592421963589917,1347.0,1355.0,-38.29999999999996,6.7235572,0.9300000000000068,1.5155041570798675,28,7,-0.2393156642875574,-0.970941817426052,12.72103739716094,-2.0210373971609403,-0.14980654,12.571230852976255,-2.3993722777265734,0.3633184661084258
2023-07-17,12935.0,13016.0,12321.0,510.1,77.06,0,3.3,0,9.44,AUS_PARADIP_PANAMAX,Panamax,synthetic_public_proxy,11833.0,12238.0,12026.0,10787.0,9005.0,10918.0,15849.0,14109.0,12223.0,11981.0,9030.0,9132.0,547.2,549.4,553.8,585.8,529.7,454.0,10.7,11.19,11.38,11.11,10.93,9.85,12258.0,480.6863149012331,10762.083333333334,1290.8039396464617,540.125,20.20385689251944,526.9083333333333,44.45932683278313,10.677499999999998,0.8733222009469521,10.135833333333332,1.2741875010683854,2148.0,2017.0,-75.69999999999993,6.4750176,0.5799999999999983,2.330852740332833,29,7,-0.3546048870425356,-0.9350162426854148,12.087083456882805,-2.6470834568828057,-0.09410328,11.992980180153221,-2.5486656709054083,0.3633184661084258
2023-07-24,13346.0,13144.0,12598.0,504.8,77.44,0,4.7,0,11.38,AUS_PARADIP_PANAMAX,Panamax,synthetic_public_proxy,12935.0,11833.0,12238.0,12026.0,10335.0,10568.0,13016.0,15849.0,14109.0,12223.0,10285.0,10424.0,510.1,547.2,549.4,553.8,529.7,442.2,9.44,10.7,11.19,11.38,9.44,10.39,12588.0,680.0730352935096,10993.583333333334,1487.0279362991407,527.875,23.70082628658237,532.125,36.59317186679385,10.6775,0.8733222009469521,10.218333333333334,1.323245550863065,1320.0,2778.0,-48.99999999999994,6.5981435,0.7199999999999989,2.3145934368180403,30,7,-0.464723172043768,-0.8854560256532101,11.911831530507216,-0.5318315305072154,0.0856224,11.997453930552611,-2.5486656709054083,0.353504367077316
2023-07-31,15027.0,18953.0,15846.0,487.8,77.22,0,3.9,0,11.12,AUS_PARADIP_PANAMAX,Panamax,synthetic_public_proxy,13346.0,12935.0,11833.0,12238.0,10531.0,9630.0,13144.0,13016.0,15849.0,14109.0,11617.0,10277.0,504.8,510.1,547.2,549.4,540.6,478.7,11.38,9.44,10.7,11.19,9.0,7.69,13285.25,1325.2784298654608,11443.333333333334,1816.7293956366784,512.475,25.02816746521353,532.8833333333333,35.4621907063982,10.66,0.8602325267043566,10.504166666666666,1.074535488083861,2789.0,5397.0,-61.599999999999966,6.7370608,0.0900000000000034,2.9045393086739826,31,7,-0.5680647467311556,-0.8229838658936566,11.92547516822224,-0.805475168222241,-0.015488033,11.909987135039321,-2.5486656709054083,0.21500780411697396
2023-08-07,15112.0,16771.0,15020.0,513.5,77.53,0,3.8,0,10.74,AUS_PARADIP_PANAMAX,Panamax,synthetic_public_proxy,15027.0,13346.0,12935.0,11833.0,10486.0,8771.0,18953.0,13144.0,13016.0,15849.0,13822.0,7163.0,487.8,504.8,510.1,547.2,585.5,470.2,11.12,11.38,9.44,10.7,11.76,8.6,14105.0,1126.811726361889,11971.75,1889.5074454376488,504.05,11.409498966509544,536.4916666666667,30.336760129445253,10.67,0.8610845874052261,10.6825,0.8918328930304229,3279.0,6341.0,-33.700000000000045,7.330170600000001,0.769999999999996,2.490141493623766,32,8,-0.663122658240795,-0.7485107481711013,11.7324845684026,-0.9924845684025989,0.010247322,11.742731890201997,-2.5486656709054083,0.21500780411697396
2023-08-14,13576.0,17315.0,14393.0,515.3,77.83,0,3.7,0,9.93,AUS_PARADIP_PANAMAX,Panamax,synthetic_public_proxy,15112.0,15027.0,13346.0,12935.0,10787.0,9005.0,16771.0,18953.0,13144.0,13016.0,11981.0,9030.0,513.5,487.8,504.8,510.1,585.8,529.7,10.74,11.12,11.38,9.44,11.11,10.93,14265.25,934.047598715751,12352.666666666666,1686.9408748240578,505.35,12.566224572245789,535.2916666666666,30.90923540518785,10.7925,0.6322117261383474,10.599166666666669,0.9130713238429669,641.0,4571.0,5.199999999999932,7.760012,0.769999999999996,1.436484008036006,33,8,-0.7485107481711011,-0.6631226582407952,11.637805381486945,-1.7078053814869456,0.028785972,11.666591353411608,-2.5486656709054083,0.21500780411697396
2023-08-21,12109.0,14041.0,12276.0,508.9,77.62,0,3.2,0,9.56,AUS_PARADIP_PANAMAX,Panamax,synthetic_public_proxy,13576.0,15112.0,15027.0,13346.0,12026.0,10335.0,17315.0,16771.0,18953.0,13144.0,12223.0,10285.0,515.3,513.5,487.8,504.8,553.8,529.7,9.93,10.74,11.12,11.38,11.38,9.44,13956.0,1418.824161057315,12500.5,1567.5575384540966,506.375,12.67316719162102,533.5583333333333,31.821075301336357,10.3375,0.717605973591004,10.609166666666669,0.8997823810974732,-1237.0,1774.0,4.099999999999966,6.9957128,0.1800000000000068,0.4969309958471364,34,8,-0.8229838658936564,-0.5680647467311559,11.023852038784245,-1.4638520387842444,0.04458924,11.068441278888205,-2.5486656709054083,-0.3695508436496302
2023-08-28,13814.0,17164.0,14463.0,507.5,77.14,0,3.3,0,11.09,AUS_PARADIP_PANAMAX,Panamax,synthetic_public_proxy,12109.0,13576.0,15112.0,15027.0,12238.0,10531.0,14041.0,17315.0,16771.0,18953.0,14109.0,11617.0,508.9,515.3,513.5,487.8,549.4,540.6,9.56,9.93,10.74,11.12,11.19,9.0,13652.75,1230.7811543893552,12774.083333333334,1476.4139884030233,511.3,3.698648401795955,530.8,32.580724920781336,10.33,0.7067767209900827,10.783333333333331,0.7497555157072447,-1213.0,3283.0,19.69999999999999,6.1622701,-0.0799999999999983,1.411656387414566,35,8,-0.8854560256532096,-0.4647231720437691,10.574774883839114,0.5152251161608863,0.120387495,10.69516237840317,-2.5486656709054083,0.1530320323912292
2023-09-04,15767.0,16024.0,15081.0,514.5,76.64,0,3.0,0,10.68,AUS_PARADIP_PANAMAX,Panamax,synthetic_public_proxy,13814.0,12109.0,13576.0,15112.0,11833.0,10486.0,17164.0,14041.0,17315.0,16771.0,15849.0,13822.0,507.5,508.9,515.3,513.5,547.2,585.5,11.09,9.56,9.93,10.74,10.7,11.76,13816.5,1503.0915917978273,13214.166666666666,1518.8490159768692,511.55,3.923858645106136,524.8833333333333,27.84707699148482,10.315,0.6957250414736365,10.693333333333332,0.6837773871309429,655.0,5281.0,1.0,7.010605,-0.8900000000000006,2.209112997274901,36,9,-0.9350162426854148,-0.3546048870425359,11.190428919064072,-0.5104289190640721,0.06041613,11.250845047550467,-2.5486656709054083,0.16235380899165786
2023-09-11,15373.0,18552.0,15876.0,531.6,76.73,0,3.0,0,9.99,AUS_PARADIP_PANAMAX,Panamax,synthetic_public_proxy,15767.0,13814.0,12109.0,13576.0,12935.0,10787.0,16024.0,17164.0,14041.0,17315.0,13016.0,11981.0,514.5,507.5,508.9,515.3,510.1,585.8,10.68,11.09,9.56,9.93,9.44,11.11,14265.75,1666.8735954874703,13596.333333333334,1426.7806312455698,515.625,11.071096001154071,520.3666666666667,20.49285167313121,10.33,0.6852250238669726,10.6,0.6980231827356946,1797.0,4586.0,16.300000000000068,8.1121215,-1.0999999999999943,1.7884452339545591,37,9,-0.970941817426052,-0.2393156642875577,12.74063537253616,-2.750635372536159,-0.03335295,12.707282423810936,-2.619087656469677,-0.5801668241508956
2023-09-18,14762.0,17444.0,15097.0,505.6,76.93,0,3.3,0,11.25,AUS_PARADIP_PANAMAX,Panamax,synthetic_public_proxy,15373.0,15767.0,13814.0,12109.0,13346.0,12026.0,18552.0,16024.0,17164.0,14041.0,13144.0,12223.0,531.6,514.5,507.5,508.9,504.8,553.8,9.99,10.68,11.09,9.56,11.38,11.38,14929.0,850.5868562351488,13824.333333333334,1370.5259994440207,514.8,11.835821334692838,516.35,17.904265616682373,10.7525,0.5621610089646579,10.589166666666667,0.685717385905767,2653.0,2736.0,-3.2999999999999545,8.1722868,-0.6899999999999977,1.3530184762981652,38,9,-0.992708874098054,-0.1205366802553235,13.207621004107441,-1.957621004107441,-0.04035178,13.167269225838627,-2.619087656469677,-0.5801668241508956
2023-09-25,16456.0,16193.0,15528.0,481.3,76.62,0,2.8,0,11.14,AUS_PARADIP_PANAMAX,Panamax,synthetic_public_proxy,14762.0,15373.0,15767.0,13814.0,15027.0,12238.0,17444.0,18552.0,16024.0,17164.0,18953.0,14109.0,505.6,531.6,514.5,507.5,487.8,549.4,11.25,9.99,10.68,11.09,11.12,11.19,15589.5,710.388860648397,14175.833333333334,1464.3753141208529,508.25,20.95717856328577,510.675,17.25720534627852,10.765,0.5726255320889583,10.585,0.6818757551450637,2642.0,4218.0,-26.19999999999999,7.463667200000001,-0.519999999999996,1.927636223004879,39,9,-1.0,-1.8369701987210294e-16,12.601734241721575,-1.4617342417215742,0.06433932,12.666073559102957,-2.5486656709054083,-0.5801668241508956
2023-10-02,14872.0,13952.0,13760.0,511.6,76.68,1,2.3,0,11.36,AUS_PARADIP_PANAMAX,Panamax,synthetic_public_proxy,16456.0,14762.0,15373.0,15767.0,15112.0,11833.0,16193.0,17444.0,18552.0,16024.0,16771.0,15849.0,481.3,505.6,531.6,514.5,513.5,547.2,11.14,11.25,9.99,10.68,10.74,10.7,15365.75,773.9510643445064,14429.083333333334,1272.5957337330717,507.525,20.717685681564728,507.7083333333333,12.923161612414878,10.935,0.6363699133890841,10.64,0.7176730073331798,-895.0,3039.0,-2.8999999999999773,7.9202728,0.0400000000000062,1.115293480873195,40,10,-0.992708874098054,0.1205366802553232,13.343332975329657,-1.9833329753296578,0.046456948,13.389789923252364,-2.4483421287730502,-0.5801668241508956
2023-10-09,13727.0,17564.0,14575.0,502.2,77.0,1,3.7,0,11.62,AUS_PARADIP_PANAMAX,Panamax,synthetic_public_proxy,14872.0,16456.0,14762.0,15373.0,13576.0,12935.0,13952.0,16193.0,17444.0,18552.0,17315.0,13016.0,511.6,481.3,505.6,531.6,515.3,510.1,11.36,11.14,11.25,9.99,9.93,9.44,14954.25,1126.2209300724828,14495.083333333334,1206.9067493040252,500.175,13.169757021301496,507.05,12.991290788971812,11.3425,0.2056493779879565,10.821666666666667,0.6598875018907527,-1646.0,792.0,-29.400000000000038,7.6085152,0.269999999999996,0.5577743527658601,41,10,-0.970941817426052,0.2393156642875573,13.994112522953024,-2.374112522953025,0.11354443,14.10765694981145,-2.5399155340848676,-0.5801668241508956
2023-10-16,14374.0,15485.0,14100.0,469.4,77.33,1,3.4,0,11.54,AUS_PARADIP_PANAMAX,Panamax,synthetic_public_proxy,13727.0,14872.0,16456.0,14762.0,12109.0,13346.0,17564.0,13952.0,16193.0,17444.0,14041.0,13144.0,502.2,511.6,481.3,505.6,508.9,504.8,11.62,11.36,11.14,11.25,9.56,11.38,14857.25,1164.361735029108,14580.75,1153.2194559739328,491.125,19.23874129632177,504.1,16.96129283237108,11.415,0.2131509637170344,10.835,0.6736670340215376,-388.0,1028.0,-36.200000000000045,6.893699399999999,0.3999999999999915,0.7833188374065642,42,10,-0.9350162426854148,0.3546048870425355,13.764260824913919,-2.2242608249139195,0.10923755,13.873498376603067,-2.4568252351697737,-0.5801668241508956
2023-10-23,13827.0,14072.0,13234.0,483.4,78.1,0,2.2,0,10.25,AUS_PARADIP_PANAMAX,Panamax,synthetic_public_proxy,14374.0,13727.0,14872.0,16456.0,13814.0,15027.0,15485.0,17564.0,13952.0,16193.0,17164.0,18953.0,469.4,502.2,511.6,481.3,507.5,487.8,11.54,11.62,11.36,11.14,11.09,11.12,14200.0,530.6342117378615,14480.75,1162.992466559086,491.65,18.907053357591085,503.73333333333335,17.387891990657636,11.1925,0.6376715455468948,10.7625,0.6868918798075561,-2629.0,-1200.0,2.099999999999966,6.747155599999999,1.4799999999999898,0.4910183673114231,43,10,-0.8854560256532101,0.464723172043768,11.203001032398777,-0.9530010323987774,0.08158428,11.284585314618187,-2.4568252351697737,-0.6146734650482377
2023-10-30,13743.0,15612.0,13803.0,497.5,78.74,1,2.6,0,10.31,AUS_PARADIP_PANAMAX,Panamax,synthetic_public_proxy,13827.0,14374.0,13727.0,14872.0,15767.0,15112.0,14072.0,15485.0,17564.0,13952.0,16024.0,16771.0,483.4,469.4,502.2,511.6,514.5,513.5,10.25,11.54,11.62,11.36,10.68,10.74,13917.75,307.31240890445946,14366.666666666666,1162.5866406294913,488.125,14.820565666222054,502.4,17.18313126295636,10.93,0.7516648189187544,10.726666666666668,0.6992766825713429,-1129.0,-1369.0,-14.100000000000025,6.6839718,2.059999999999988,0.4046260347205873,44,10,-0.822983865893657,0.5680647467311548,12.249837159298675,-1.9398371592986745,0.07860932,12.328446476839797,-2.4568252351697737,-0.6572224160807725
2023-11-06,13491.0,17760.0,14524.0,462.6,78.3,0,1.5,0,8.8,AUS_PARADIP_PANAMAX,Panamax,synthetic_public_proxy,13743.0,13827.0,14374.0,13727.0,15373.0,13576.0,15612.0,14072.0,15485.0,17564.0,18552.0,17315.0,497.5,483.4,469.4,502.2,531.6,515.3,10.31,10.25,11.54,11.62,9.99,9.93,13858.75,371.98958318748,14359.583333333334,1168.0878281374626,478.225,15.495456323284325,498.00833333333327,20.07723533726362,10.225,1.1206694427886217,10.6325,0.8712491032994549,-236.0,-85.0,-39.599999999999966,6.8371425,1.2999999999999972,0.2309377827553315,45,11,-0.7485107481711011,0.6631226582407952,10.485241858615586,-1.6852418586155853,0.026493557,10.51173541541309,-2.4568252351697737,-0.6635931009640107
2023-11-13,13796.0,11273.0,12097.0,471.7,79.13,0,1.6,0,9.71,AUS_PARADIP_PANAMAX,Panamax,synthetic_public_proxy,13491.0,13743.0,13827.0,14374.0,14762.0,12109.0,17760.0,15612.0,14072.0,15485.0,17444.0,14041.0,462.6,497.5,483.4,469.4,505.6,508.9,8.8,10.31,10.25,11.54,11.25,9.56,13714.25,152.82097369142454,14500.166666666666,954.6088045358828,478.8,15.096357176489454,494.90833333333336,21.089051805631144,9.767500000000002,0.6991602105384415,10.645,0.855394645763056,-578.0,1687.0,2.300000000000012,6.2409366,1.7999999999999972,0.3128345582528408,46,11,-0.6631226582407955,0.7485107481711007,11.190669446448997,-1.4806694464489958,0.060016613,11.250686059902623,-2.4568252351697737,-0.6635931009640107
2023-11-20,15354.0,13886.0,13999.0,492.8,78.91,0,1.6,0,10.93,AUS_PARADIP_PANAMAX,Panamax,synthetic_public_proxy,13796.0,13491.0,13743.0,13827.0,16456.0,13814.0,11273.0,17760.0,15612.0,14072.0,16193.0,17164.0,471.7,462.6,497.5,483.4,481.3,507.5,9.71,8.8,10.31,10.25,11.14,11.09,14096.0,849.1560516183084,14628.5,957.488713439528,481.15,16.697804246870568,493.6833333333333,20.71476563110245,9.9375,0.9072807356785946,10.631666666666666,0.8490511638222887,1527.0,1540.0,9.400000000000034,6.5075732,0.8100000000000023,1.1035066333987429,47,11,-0.5680647467311559,0.8229838658936564,10.822510518892587,0.10748948110741274,0.08359581,10.906106331213296,-2.4568252351697737,-0.09505407448073017
2023-11-27,15314.0,14814.0,14348.0,504.4,79.43,0,1.9,0,8.94,AUS_PARADIP_PANAMAX,Panamax,synthetic_public_proxy,15354.0,13796.0,13491.0,13743.0,14872.0,15767.0,13886.0,11273.0,17760.0,15612.0,13952.0,16024.0,492.8,471.7,462.6,497.5,511.6,514.5,10.93,9.71,8.8,10.31,11.36,10.68,14488.75,984.0566972148144,14590.75,916.5775397445028,482.875,19.129275121310968,492.8416666666667,19.98437836881265,9.595,0.9757902780140943,10.486666666666666,0.978722110559006,1571.0,-453.0,6.899999999999977,7.5664512,0.6900000000000119,1.019782437542939,48,11,-0.4647231720437684,0.88545602565321,11.451454164487448,-2.511454164487448,-0.03312687,11.418327296179857,-2.4857910190851316,-0.6635931009640107
2023-12-04,15967.0,20953.0,17163.0,522.1,79.49,0,2.3,1,12.02,AUS_PARADIP_PANAMAX,Panamax,synthetic_public_proxy,15314.0,15354.0,13796.0,13491.0,13727.0,15373.0,14814.0,13886.0,11273.0,17760.0,17564.0,18552.0,504.4,492.8,471.7,462.6,502.2,531.6,8.94,10.93,9.71,8.8,11.62,9.99,15107.75,924.153080753758,14640.25,976.7294335506028,497.75,21.13646138785122,492.05,18.437733049374263,10.4,1.3556056457048369,10.655833333333332,1.0573505338889535,2476.0,594.0,59.5,7.7243816,1.1899999999999975,1.345617908815928,49,12,-0.3546048870425359,0.9350162426854148,11.518787668144876,0.5012123318551236,-0.25692576,11.2618619064452,-2.4857910190851316,-0.18780212789427386
2023-12-11,13398.0,15740.0,13665.0,487.1,79.32,0,1.3,1,8.72,AUS_PARADIP_PANAMAX,Panamax,synthetic_public_proxy,15967.0,15314.0,15354.0,13796.0,14374.0,14762.0,20953.0,14814.0,13886.0,11273.0,15485.0,17444.0,522.1,504.4,492.8,471.7,469.4,505.6,12.02,8.94,10.93,9.71,11.54,11.25,15008.25,1114.3208320168217,14526.583333333334,1038.675945469724,501.6,15.446466694148992,490.5083333333334,17.96923928846318,10.1525,1.593138935142452,10.445,1.1739172961422466,-398.0,-1364.0,15.400000000000034,8.3363707,0.1899999999999977,-0.3975070435481419,50,12,-0.2393156642875578,0.970941817426052,12.87809185711974,-4.158091857119739,-0.34715584,12.530936017914952,-2.4857910190851316,-0.18780212789427386
2023-12-18,13287.0,16560.0,13932.0,497.8,78.49,0,2.5,1,9.87,AUS_PARADIP_PANAMAX,Panamax,synthetic_public_proxy,13398.0,15967.0,15314.0,15354.0,13827.0,16456.0,15740.0,20953.0,14814.0,13886.0,14072.0,16193.0,487.1,522.1,504.4,492.8,483.4,481.3,8.72,12.02,8.94,10.93,10.25,11.14,14491.5,1354.0272030748354,14262.5,896.6788722839846,502.85,14.680258853307718,491.8833333333334,17.83132245813665,9.8875,1.5065053379704605,10.339166666666666,1.1627589317366858,-2067.0,-3169.0,5.0,6.526165800000001,-0.4200000000000017,-0.6059198492568868,51,12,-0.1205366802553236,0.992708874098054,11.511547719432963,-1.641547719432964,-0.16741979,11.344127928211345,-2.4857910190851316,-0.18780212789427386
2023-12-25,16699.0,17414.0,16150.0,492.2,78.44,0,2.1,1,10.31,AUS_PARADIP_PANAMAX,Panamax,synthetic_public_proxy,13287.0,13398.0,15967.0,15314.0,13743.0,14872.0,16560.0,15740.0,20953.0,14814.0,15612.0,13952.0,497.8,487.1,522.1,504.4,497.5,511.6,9.87,8.72,12.02,8.94,10.31,11.36,14837.75,1752.8227472660571,14414.75,1133.427795751579,499.8,15.495590770714616,490.26666666666665,16.72642619728797,10.23,1.3687220316777835,10.251666666666669,1.1175853299399898,1385.0,1827.0,-12.199999999999989,6.614268600000001,-0.9900000000000092,1.8862856578475056,52,12,6.432490598706546e-16,1.0,11.285675420571424,-0.9756754205714238,-0.118786186,11.166889234591581,-2.4857910190851316,-0.1522629118889527
