week_date,bpi_5tc,bci_5tc,bdi,vlsfo_sgp_usd_t,usd_inr,cyclone_dummy,port_congestion_paradip_days,red_sea_disruption,freight_rate_usd_t,route_key,vessel_class,data_source,bpi_5tc_lag1,bpi_5tc_lag2,bpi_5tc_lag3,bpi_5tc_lag4,bpi_5tc_lag8,bpi_5tc_lag12,bci_5tc_lag1,bci_5tc_lag2,bci_5tc_lag3,bci_5tc_lag4,bci_5tc_lag8,bci_5tc_lag12,vlsfo_sgp_usd_t_lag1,vlsfo_sgp_usd_t_lag2,vlsfo_sgp_usd_t_lag3,vlsfo_sgp_usd_t_lag4,vlsfo_sgp_usd_t_lag8,vlsfo_sgp_usd_t_lag12,freight_rate_usd_t_lag1,freight_rate_usd_t_lag2,freight_rate_usd_t_lag3,freight_rate_usd_t_lag4,freight_rate_usd_t_lag8,freight_rate_usd_t_lag12,bpi_5tc_roll4_mean,bpi_5tc_roll4_std,bpi_5tc_roll12_mean,bpi_5tc_roll12_std,vlsfo_sgp_usd_t_roll4_mean,vlsfo_sgp_usd_t_roll4_std,vlsfo_sgp_usd_t_roll12_mean,vlsfo_sgp_usd_t_roll12_std,freight_rate_usd_t_roll4_mean,freight_rate_usd_t_roll4_std,freight_rate_usd_t_roll12_mean,freight_rate_usd_t_roll12_std,bpi_momentum_4w,bpi_momentum_12w,vlsfo_momentum_4w,bunker_bpi_interaction,usd_inr_change_4w,bpi_zscore_26w,week_of_year,month,week_sin,week_cos
2020-03-30,6442.0,7791.0,6660.0,359.9,72.58,0,2.1,0,6.0,AUS_PARADIP_PANAMAX,Panamax,synthetic_public_proxy,5887.0,5317.0,5526.0,9988.0,12971.0,12000.0,6459.0,5322.0,6079.0,13662.0,14298.0,12253.0,347.6,333.1,349.9,560.7,619.5,550.0,6.0,6.0,6.0,7.95,9.96,8.68,5793.0,492.578927685707,9416.75,2836.8634768637767,347.625,11.057840355761032,516.4666666666667,126.30808894656485,6.0,0.0,8.060833333333333,1.7586433734988787,-3546.0,-5558.0,-200.80000000000007,2.0463212000000004,0.8799999999999955,-1.129748831336288,14,3,0.992708874098054,-0.12053668025532288
2020-04-06,6638.0,6538.0,6266.0,333.6,72.07,0,2.2,0,6.0,AUS_PARADIP_PANAMAX,Panamax,synthetic_public_proxy,6442.0,5887.0,5317.0,5526.0,11062.0,12296.0,7791.0,6459.0,5322.0,6079.0,15337.0,16293.0,359.9,347.6,333.1,349.9,615.1,600.4,6.0,6.0,6.0,6.0,8.69,9.21,6071.0,594.839474144076,8945.25,2784.5248044080404,343.54999999999995,12.805337428854957,494.23333333333335,133.46931096584328,6.0,0.0,7.793333333333333,1.811299550214172,1112.0,-5658.0,-16.299999999999955,2.3184758,0.8099999999999881,-0.9826259807793073,15,4,0.9709418174260521,-0.2393156642875575
2020-04-13,7440.0,9588.0,7927.0,337.9,72.8,0,2.0,0,6.38,AUS_PARADIP_PANAMAX,Panamax,synthetic_public_proxy,6638.0,6442.0,5887.0,5317.0,10000.0,11303.0,6538.0,7791.0,6459.0,5322.0,11729.0,12777.0,333.6,359.9,347.6,333.1,603.5,623.2,6.0,6.0,6.0,6.0,8.67,8.77,6601.75,643.0046008129862,8623.333333333334,2709.454669497278,344.75,11.674616339170766,470.4583333333333,133.8178304353506,6.095000000000001,0.18999999999994452,7.594166666666667,1.8254885190910775,2123.0,-3863.0,4.7999999999999545,2.2144368,1.5300000000000011,-0.6641584394815276,16,4,0.9350162426854148,-0.35460488704253545
2020-04-20,7877.0,8558.0,7756.0,361.9,72.95,0,2.6,0,6.66,AUS_PARADIP_PANAMAX,Panamax,synthetic_public_proxy,7440.0,6638.0,6442.0,5887.0,10177.0,12032.0,9588.0,6538.0,7791.0,6459.0,12176.0,15933.0,337.9,333.6,359.9,347.6,567.2,617.5,6.38,6.0,6.0,6.0,8.13,11.35,7099.25,674.7183980496366,8277.083333333334,2490.9276643025737,348.32500000000005,14.648862299401623,449.1583333333333,128.52262240437275,6.26,0.32124756808414956,7.203333333333333,1.4009693613763134,1990.0,-4155.0,14.299999999999955,2.513976,1.5300000000000011,-0.4866097866732503,17,4,0.8854560256532099,-0.4647231720437685
2020-04-27,7486.0,9600.0,7957.0,387.4,73.22,0,2.4,0,6.0,AUS_PARADIP_PANAMAX,Panamax,synthetic_public_proxy,7877.0,7440.0,6638.0,6442.0,9988.0,12971.0,8558.0,9588.0,6538.0,7791.0,13662.0,14298.0,361.9,337.9,333.6,359.9,560.7,619.5,6.66,6.38,6.0,6.0,7.95,9.96,7360.25,519.8874076823441,7820.0,2007.662231642472,355.2,24.816526751343712,429.8166666666666,117.55359190470095,6.26,0.32124756808414956,6.873333333333334,1.1334527566313277,1044.0,-5485.0,27.5,2.8506863,0.6400000000000006,-0.6068680627786939,18,4,0.8229838658936565,-0.5680647467311557
2020-05-04,7868.0,6262.0,6832.0,412.6,73.35,0,2.6,0,6.66,AUS_PARADIP_PANAMAX,Panamax,synthetic_public_proxy,7486.0,7877.0,7440.0,6638.0,5526.0,11062.0,9600.0,8558.0,9588.0,6538.0,6079.0,15337.0,387.4,361.9,337.9,333.6,349.9,615.1,6.0,6.66,6.38,6.0,6.0,8.69,7667.75,237.19805367386095,7553.833333333333,1731.509789609965,374.94999999999993,32.22592124362226,412.94166666666666,102.05017890798386,6.425000000000001,0.31256999216172615,6.704166666666667,0.9785746437208244,1230.0,-3194.0,79.0,2.9000764,1.2800000000000011,-0.4468327153198927,19,5,0.7485107481711013,-0.663122658240795
2020-05-11,7425.0,7973.0,7273.0,417.0,73.63,0,3.0,0,7.03,AUS_PARADIP_PANAMAX,Panamax,synthetic_public_proxy,7868.0,7486.0,7877.0,7440.0,5317.0,10000.0,6262.0,9600.0,8558.0,9588.0,5322.0,11729.0,412.6,387.4,361.9,337.9,333.1,603.5,6.66,6.0,6.66,6.38,6.0,8.67,7664.0,242.06748370375527,7339.25,1550.944060007556,394.725,25.474349844503,397.40000000000003,82.77137186249844,6.5874999999999995,0.4287481778386737,6.5675,0.7717291682260783,-15.0,-2575.0,79.10000000000002,3.2463368000000004,0.8299999999999983,-0.5971539937674059,20,5,0.6631226582407952,-0.7485107481711012
2020-05-18,8138.0,7516.0,7482.0,403.1,73.64,0,2.7,0,7.77,AUS_PARADIP_PANAMAX,Panamax,synthetic_public_proxy,7425.0,7868.0,7486.0,7877.0,5887.0,10177.0,7973.0,6262.0,9600.0,8558.0,6459.0,12176.0,417.0,412.6,387.4,361.9,347.6,567.2,7.03,6.66,6.0,6.66,6.0,8.13,7729.25,335.69169883490986,7169.333333333333,1303.7853513612722,405.025,13.103784440641142,383.7250000000001,63.47403370312502,6.864999999999999,0.7385797181076563,6.5375000000000005,0.7099951984472762,261.0,-2039.0,41.200000000000045,3.096225,0.6899999999999977,-0.3065431139063283,21,5,0.5680647467311558,-0.8229838658936564
2020-05-25,8254.0,8658.0,8003.0,386.2,74.37,0,2.7,0,7.21,AUS_PARADIP_PANAMAX,Panamax,synthetic_public_proxy,8138.0,7425.0,7868.0,7486.0,6442.0,9988.0,7516.0,7973.0,6262.0,9600.0,7791.0,13662.0,403.1,417.0,412.6,387.4,359.9,560.7,7.77,7.03,6.66,6.0,6.0,7.95,7921.25,368.2402974508193,7024.833333333333,1030.4224935197738,404.725,13.644382238371545,369.18333333333334,30.847037085750898,7.1675,0.46234006243599646,6.475833333333334,0.5997341582785376,768.0,-1734.0,-1.1999999999999886,3.2804278000000004,1.1500000000000057,-0.2531223686890724,22,5,0.46472317204376906,-0.8854560256532096
2020-06-01,8280.0,9359.0,8298.0,398.6,74.24,0,3.5,0,7.74,AUS_PARADIP_PANAMAX,Panamax,synthetic_public_proxy,8254.0,8138.0,7425.0,7868.0,6638.0,5526.0,8658.0,7516.0,7973.0,6262.0,6538.0,6079.0,386.2,403.1,417.0,412.6,333.6,349.9,7.21,7.77,7.03,6.66,6.0,6.0,8024.25,404.2411615195413,7254.333333333333,971.2398199614664,401.225,12.714919058601629,373.24166666666673,31.27995170693001,7.4375,0.3741100551085516,6.620833333333334,0.6792972081274161,412.0,2754.0,-14.0,3.1876947999999996,0.8900000000000006,-0.23668536662777906,23,6,0.35460488704253584,-0.9350162426854147
2020-06-08,7986.0,9204.0,8074.0,411.5,74.82,0,3.6,0,7.53,AUS_PARADIP_PANAMAX,Panamax,synthetic_public_proxy,8280.0,8254.0,8138.0,7425.0,7440.0,5317.0,9359.0,8658.0,7516.0,7973.0,9588.0,5322.0,398.6,386.2,403.1,417.0,337.9,333.1,7.74,7.21,7.77,7.03,6.38,6.0,8164.5,134.05844496587258,7476.75,772.5295081154411,399.85,10.554146104736525,379.77500000000003,30.305898765751788,7.5625,0.2581181899827895,6.748333333333334,0.6955682220423502,561.0,2669.0,-5.5,3.300408,1.1899999999999977,-0.3530514684609094,24,6,0.23931566428755768,-0.970941817426052
2020-06-15,8986.0,10138.0,8998.0,444.1,74.6,0,3.5,0,7.56,AUS_PARADIP_PANAMAX,Panamax,synthetic_public_proxy,7986.0,8280.0,8254.0,8138.0,7877.0,5887.0,9204.0,9359.0,8658.0,7516.0,8558.0,6459.0,411.5,398.6,386.2,403.1,361.9,347.6,7.53,7.74,7.21,7.77,6.66,6.0,8376.5,427.5117932096548,7735.0,708.072543792458,410.1,24.909302144649743,387.81666666666666,33.61462975154316,7.51,0.22045407685046559,6.878333333333334,0.6887384162805283,848.0,3099.0,41.0,3.286239,0.9599999999999937,0.07919657305894974,25,6,0.12053668025532308,-0.992708874098054
2020-06-22,9017.0,9876.0,8910.0,472.8,74.64,0,3.2,0,8.53,AUS_PARADIP_PANAMAX,Panamax,synthetic_public_proxy,8986.0,7986.0,8280.0,8254.0,7486.0,6442.0,10138.0,9204.0,9359.0,8658.0,9600.0,7791.0,444.1,411.5,398.6,386.2,387.4,359.9,7.56,7.53,7.74,7.21,6.0,6.0,8567.25,515.7488891569888,7949.583333333333,669.746011333375,431.75,33.399650696777826,397.22499999999997,40.2379315616948,7.84,0.4692547282659962,7.089166666666667,0.7770042509926245,763.0,2575.0,86.60000000000002,3.9906826,0.269999999999996,0.09113219840453372,26,6,-3.216245299353273e-16,-1.0
2020-06-29,8854.0,10302.0,8990.0,471.8,74.23,0,3.5,0,7.6,AUS_PARADIP_PANAMAX,Panamax,synthetic_public_proxy,9017.0,8986.0,7986.0,8280.0,7868.0,6638.0,9876.0,10138.0,9204.0,9359.0,6262.0,6538.0,472.8,444.1,411.5,398.6,412.6,333.6,8.53,7.56,7.53,7.74,6.66,6.0,8710.75,488.30821892188936,8134.25,573.8747289656958,450.05,28.93746130307152,408.74166666666673,40.149367895699704,7.805,0.48418316093532926,7.2225,0.707262648911603,574.0,2216.0,73.19999999999999,4.263237600000001,-0.009999999999990905,0.016965514324177117,27,6,-0.12053668025532283,-0.992708874098054
2020-07-06,11485.0,11689.0,10992.0,550.7,74.51,0,3.5,0,9.11,AUS_PARADIP_PANAMAX,Panamax,synthetic_public_proxy,8854.0,9017.0,8986.0,7986.0,7425.0,7440.0,10302.0,9876.0,10138.0,9204.0,7973.0,9588.0,471.8,472.8,444.1,411.5,417.0,337.9,7.6,8.53,7.56,7.53,7.03,6.38,9585.5,1268.3039856438206,8471.333333333334,1087.3108891650847,484.85,45.87043346935737,426.47499999999997,51.426613644192955,8.2,0.7542325017305104,7.449999999999999,0.8385160051597659,3499.0,4045.0,139.20000000000005,4.1773172,-0.30999999999998806,1.2590069560966866,28,7,-0.23931566428755743,-0.9709418174260521
2020-07-13,12005.0,14998.0,12602.0,540.7,75.23,0,3.6,0,9.26,AUS_PARADIP_PANAMAX,Panamax,synthetic_public_proxy,11485.0,8854.0,9017.0,8986.0,8138.0,7877.0,11689.0,10302.0,9876.0,10138.0,7516.0,8558.0,550.7,471.8,472.8,444.1,403.1,361.9,9.11,7.6,8.53,7.56,7.77,6.66,10340.25,1637.2512279223777,8815.333333333334,1468.4014396202376,509.0,42.57565814719399,441.375,56.65282027802807,8.625,0.7523518680333932,7.666666666666667,0.9449803589429144,3019.0,4128.0,96.60000000000002,6.3247895000000005,0.6300000000000097,1.5209591746717401,29,7,-0.3546048870425356,-0.9350162426854148
2020-07-20,12361.0,15229.0,12890.0,546.0,75.26,0,3.8,0,10.43,AUS_PARADIP_PANAMAX,Panamax,synthetic_public_proxy,12005.0,11485.0,8854.0,9017.0,8254.0,7486.0,14998.0,11689.0,10302.0,9876.0,8658.0,9600.0,540.7,550.7,471.8,472.8,386.2,387.4,9.26,9.11,7.6,8.53,7.21,6.0,11176.25,1589.405627899939,9221.583333333334,1719.999654245913,527.3,37.22481251351996,454.5916666666667,61.231222848438634,9.1,1.161120148821822,8.035833333333333,1.08902340181328,3344.0,4875.0,73.19999999999999,6.491103500000001,0.6200000000000045,1.6241668304145338,30,7,-0.46472317204376806,-0.8854560256532101
2020-07-27,12761.0,15312.0,13143.0,539.5,75.24,0,3.7,0,9.81,AUS_PARADIP_PANAMAX,Panamax,synthetic_public_proxy,12361.0,12005.0,11485.0,8854.0,8280.0,7868.0,15229.0,14998.0,11689.0,10302.0,9359.0,6262.0,546.0,540.7,550.7,471.8,398.6,412.6,10.43,9.26,9.11,7.6,7.74,6.66,12153.0,541.9274244152367,9629.333333333334,1936.3167628414024,544.225,5.158407376962335,465.1666666666667,64.20566858765572,9.6525,0.5993538187081298,8.298333333333334,1.1067383145846608,3907.0,4893.0,67.69999999999999,6.749106,1.009999999999991,1.7570496710702497,31,7,-0.5680647467311556,-0.8229838658936566
2020-08-03,13176.0,16058.0,13670.0,523.6,74.8,1,3.5,0,9.56,AUS_PARADIP_PANAMAX,Panamax,synthetic_public_proxy,12761.0,12361.0,12005.0,11485.0,7986.0,7425.0,15312.0,15229.0,14998.0,11689.0,9204.0,7973.0,539.5,546.0,540.7,550.7,411.5,417.0,9.81,10.43,9.26,9.11,7.53,7.03,12575.75,505.46702826857626,10108.583333333334,2049.5263514167164,537.45,9.655568341637853,474.05,64.3099808456171,9.765,0.4970915408654818,8.509166666666667,1.083902531120624,1691.0,5751.0,-27.100000000000023,6.8845595,0.28999999999999204,1.9267582549375848,32,8,-0.663122658240795,-0.7485107481711013
2020-08-10,15580.0,18629.0,16021.0,530.6,74.77,0,3.9,0,11.47,AUS_PARADIP_PANAMAX,Panamax,synthetic_public_proxy,13176.0,12761.0,12361.0,12005.0,8986.0,8138.0,16058.0,15312.0,15229.0,14998.0,10138.0,7516.0,523.6,539.5,546.0,540.7,444.1,403.1,9.56,9.81,10.43,9.26,7.56,7.77,13469.5,1445.8096924099887,10728.75,2479.8105178713668,534.925,9.841197420370559,484.675,62.01379795145302,10.3175,0.8509357594241138,8.8175,1.3484882107550862,3575.0,7442.0,-10.100000000000023,6.8989536000000005,-0.46000000000000796,2.548742094765005,33,8,-0.7485107481711011,-0.6631226582407952
2020-08-17,14925.0,22175.0,17079.0,517.4,74.12,1,3.3,0,10.97,AUS_PARADIP_PANAMAX,Panamax,synthetic_public_proxy,15580.0,13176.0,12761.0,12361.0,9017.0,8254.0,18629.0,16058.0,15312.0,15229.0,9876.0,8658.0,530.6,523.6,539.5,546.0,472.8,386.2,11.47,9.56,9.81,10.43,8.53,7.21,14110.5,1356.1318765764138,11284.666666666666,2618.4601419825963,527.775,9.496095688933593,495.60833333333335,54.13952443511678,10.4525,0.9151457078884735,9.130833333333333,1.3775370533431517,2564.0,6671.0,-28.600000000000023,8.266748,-1.1400000000000006,2.0271456951247324,34,8,-0.8229838658936564,-0.5680647467311559
2020-08-24,14201.0,15079.0,13842.0,502.1,73.79,1,3.4,0,11.38,AUS_PARADIP_PANAMAX,Panamax,synthetic_public_proxy,14925.0,15580.0,13176.0,12761.0,8854.0,8280.0,22175.0,18629.0,16058.0,15312.0,10302.0,9359.0,517.4,530.6,523.6,539.5,471.8,398.6,10.97,11.47,9.56,9.81,7.6,7.74,14470.5,1030.5210656103375,11778.083333333334,2557.9666448295625,518.425,12.145884076511686,504.2333333333333,44.701847294213174,10.845,0.8838740483425042,9.434166666666668,1.4426582681937807,1440.0,5921.0,-37.39999999999998,7.722195,-1.4499999999999886,1.6218936990774149,35,8,-0.8854560256532096,-0.4647231720437691
2020-08-31,13217.0,14549.0,13089.0,511.7,73.97,0,3.6,0,9.86,AUS_PARADIP_PANAMAX,Panamax,synthetic_public_proxy,14201.0,14925.0,15580.0,13176.0,11485.0,7986.0,15079.0,22175.0,18629.0,16058.0,11689.0,9204.0,502.1,517.4,530.6,523.6,550.7,411.5,11.38,10.97,11.47,9.56,9.11,7.53,14480.75,1013.4154709035507,12214.0,2284.0441008319995,515.45,11.910919359984904,512.5833333333334,33.845124083720336,10.920000000000002,0.7394141825346394,9.628333333333334,1.314152567130989,41.0,5231.0,-11.900000000000034,7.130322100000001,-0.8299999999999983,1.2113357078844094,36,8,-0.9350162426854147,-0.3546048870425359
2020-09-07,13831.0,14534.0,13421.0,502.5,74.64,0,3.5,0,10.04,AUS_PARADIP_PANAMAX,Panamax,synthetic_public_proxy,13217.0,14201.0,14925.0,15580.0,12005.0,8986.0,14549.0,15079.0,22175.0,18629.0,14998.0,10138.0,511.7,502.1,517.4,530.6,540.7,444.1,9.86,11.38,10.97,11.47,9.26,7.56,14043.5,714.1678140792021,12617.75,2080.733442584829,508.425,7.4473149523885365,517.45,26.50541968592981,10.5625,0.7304964065620245,9.834999999999999,1.1431972708154958,-1749.0,4845.0,-28.100000000000023,6.7631388999999995,-0.12999999999999545,1.3068331178240635,37,9,-0.970941817426052,-0.23931566428755774
2020-09-14,15053.0,15283.0,14392.0,510.3,75.98,1,2.7,0,12.2,AUS_PARADIP_PANAMAX,Panamax,synthetic_public_proxy,13831.0,13217.0,14201.0,14925.0,12361.0,9017.0,14534.0,14549.0,15079.0,22175.0,15229.0,9876.0,502.5,511.7,502.1,517.4,546.0,472.8,10.04,9.86,11.38,10.97,10.43,8.53,14075.5,767.6932981340916,13120.75,1847.6742690597434,506.65000000000003,5.057996968504934,520.5749999999999,22.700065078000502,10.87,1.1162437009900816,10.140833333333333,1.2484059533030196,128.0,6036.0,-7.099999999999966,6.9500775,1.8599999999999994,1.572036088962963,38,9,-0.992708874098054,-0.12053668025532357
2020-09-21,14781.0,14320.0,13858.0,518.5,75.77,0,3.3,0,9.15,AUS_PARADIP_PANAMAX,Panamax,synthetic_public_proxy,15053.0,13831.0,13217.0,14201.0,12761.0,8854.0,15283.0,14534.0,14549.0,15079.0,15312.0,10302.0,510.3,502.5,511.7,502.1,539.5,471.8,12.2,10.04,9.86,11.38,9.81,7.6,14220.5,849.6938664405351,13614.666666666666,1320.3557601394164,510.75,6.56328169948045,524.4666666666667,16.819325104465435,10.3125,1.315684232633357,10.270000000000001,1.0211134742391383,580.0,5927.0,16.399999999999977,7.681545900000001,1.9799999999999898,1.3750085400600454,39,9,-1.0,-1.8369701987210297e-16
2020-09-28,13706.0,13435.0,12912.0,490.5,76.48,0,2.8,0,8.8,AUS_PARADIP_PANAMAX,Panamax,synthetic_public_proxy,14781.0,15053.0,13831.0,13217.0,13176.0,11485.0,14320.0,15283.0,14534.0,14549.0,16058.0,11689.0,518.5,510.3,502.5,511.7,523.6,550.7,9.15,12.2,10.04,9.86,9.56,9.11,14342.75,674.2543412293805,13799.75,1137.721976343319,505.45,11.9167948711083,519.4499999999999,17.255644662755316,10.0475,1.5269877755459234,10.244166666666667,1.0564387719067656,489.0,2221.0,-21.19999999999999,7.6639485,2.510000000000005,0.9536328562941685,40,9,-0.992708874098054,0.1205366802553232
2020-10-05,12763.0,14677.0,12890.0,481.0,76.65,0,2.2,0,9.57,AUS_PARADIP_PANAMAX,Panamax,synthetic_public_proxy,13706.0,14781.0,15053.0,13831.0,15580.0,12005.0,13435.0,14320.0,15283.0,14534.0,18629.0,14998.0,490.5,518.5,510.3,502.5,530.6,540.7,8.8,9.15,12.2,10.04,11.47,9.26,14075.75,1050.7810983581053,13862.916666666666,1046.3949765598547,500.075,17.31634584239444,514.475,19.081553443527174,9.93,1.5457252882277257,10.27,1.0337311062360444,-1068.0,758.0,-21.5,6.722793,2.010000000000005,0.5838000993009598,41,10,-0.9709418174260521,0.23931566428755738
2020-10-12,13412.0,16765.0,14083.0,519.9,76.63,0,2.3,0,9.3,AUS_PARADIP_PANAMAX,Panamax,synthetic_public_proxy,12763.0,13706.0,14781.0,15053.0,14925.0,12361.0,14677.0,13435.0,14320.0,15283.0,22175.0,15229.0,481.0,490.5,518.5,510.3,517.4,546.0,9.57,8.8,9.15,12.2,10.97,10.43,13665.5,841.5757046556572,13950.5,948.6779796595426,502.475,19.706238436936893,512.3000000000001,16.470359051117516,9.205000000000002,0.32109188716006176,10.175833333333335,1.0687074464326534,-1641.0,1051.0,9.599999999999966,6.139003,0.6499999999999915,0.742828666497984,42,10,-0.9350162426854148,0.35460488704253557
2020-10-19,14170.0,15740.0,14090.0,491.1,76.88,0,2.1,0,9.27,AUS_PARADIP_PANAMAX,Panamax,synthetic_public_proxy,13412.0,12763.0,13706.0,14781.0,14201.0,12761.0,16765.0,14677.0,13435.0,14320.0,15079.0,15312.0,519.9,481.0,490.5,518.5,502.1,539.5,9.3,9.57,8.8,9.15,11.38,9.81,13512.75,589.2364409414379,14067.916666666666,872.1821596988627,495.625,16.83159231920976,508.2666666666667,15.070702060821901,9.235,0.3198437118344056,10.130833333333333,1.0965189409576035,-611.0,1409.0,-27.399999999999977,6.972898799999999,1.1099999999999994,0.9341436125919036,43,10,-0.8854560256532101,0.464723172043768
2020-10-26,14701.0,15700.0,14366.0,443.8,76.96,1,3.1,0,11.06,AUS_PARADIP_PANAMAX,Panamax,synthetic_public_proxy,14170.0,13412.0,12763.0,13706.0,13217.0,13176.0,15740.0,16765.0,14677.0,13435.0,14549.0,16058.0,491.1,519.9,481.0,490.5,511.7,523.6,9.27,9.3,9.57,8.8,9.86,9.56,13761.5,850.2323211922721,14195.0,840.9516254598948,483.95,31.43379285631027,501.6166666666666,23.13705541622212,9.8,0.85076436220614,10.255833333333333,1.1109329276319817,995.0,1525.0,-46.69999999999999,6.958887,0.47999999999998977,1.045604779514417,44,10,-0.822983865893657,0.5680647467311548
2020-11-02,13826.0,17467.0,14591.0,408.7,77.06,1,2.4,0,10.98,AUS_PARADIP_PANAMAX,Panamax,synthetic_public_proxy,14701.0,14170.0,13412.0,12763.0,13831.0,15580.0,15700.0,15740.0,16765.0,14677.0,14534.0,18629.0,443.8,491.1,519.9,481.0,502.5,530.6,11.06,9.27,9.3,9.57,10.04,11.47,14027.25,545.6955042267915,14048.833333333334,722.4173854413262,465.875,49.366950820700225,491.4583333333333,33.63403196259118,10.1525,1.0023098323373003,10.215,1.0705181413264733,1063.0,-1754.0,-72.30000000000001,6.5243038,0.4099999999999966,0.6696230469211112,45,11,-0.7485107481711011,0.6631226582407952
2020-11-09,14006.0,17508.0,14706.0,415.7,76.92,0,2.9,0,10.28,AUS_PARADIP_PANAMAX,Panamax,synthetic_public_proxy,13826.0,14701.0,14170.0,13412.0,15053.0,14925.0,17467.0,15700.0,15740.0,16765.0,15283.0,22175.0,408.7,443.8,491.1,519.9,510.3,517.4,10.98,11.06,9.27,9.3,12.2,10.97,14175.75,377.2977383093253,13972.25,667.7330883464815,439.825,37.39744866520689,482.98333333333335,38.90334954808653,10.3975,0.8293119638190236,10.1575,1.0444931350137756,594.0,-919.0,-104.19999999999999,5.6506862,0.29000000000000625,0.6794233869132237,46,11,-0.6631226582407955,0.7485107481711007
2020-11-16,14050.0,15413.0,13893.0,422.5,76.32,0,1.9,0,8.53,AUS_PARADIP_PANAMAX,Panamax,synthetic_public_proxy,14006.0,13826.0,14701.0,14170.0,14781.0,14201.0,17508.0,17467.0,15700.0,15740.0,14320.0,15079.0,415.7,408.7,443.8,491.1,518.5,502.1,10.28,10.98,11.06,9.27,9.15,11.38,14145.75,382.6402792876517,13959.666666666666,664.4451319208654,422.675,15.168470588695717,476.3500000000001,42.00968503052164,10.2125,1.175113469698435,9.92,1.0650650855058736,-120.0,-151.0,-68.60000000000002,5.8222942,-0.5600000000000023,0.6385588920056356,47,11,-0.5680647467311559,0.8229838658936564
2020-11-23,14208.0,14928.0,13786.0,425.8,75.67,0,2.0,0,9.34,AUS_PARADIP_PANAMAX,Panamax,synthetic_public_proxy,14050.0,14006.0,13826.0,14701.0,13706.0,13217.0,15413.0,17508.0,17467.0,15700.0,13435.0,14549.0,422.5,415.7,408.7,443.8,490.5,511.7,8.53,10.28,10.98,11.06,8.8,9.86,14022.5,157.1103646061118,14042.25,624.1092743772032,418.175,7.588313383099688,469.1916666666666,42.75057593090694,9.7825,1.071770342315314,9.876666666666667,1.0782252533537204,-493.0,991.0,-18.0,5.936125,-1.289999999999992,0.6474783285127157,48,11,-0.4647231720437684,0.88545602565321
2020-11-30,15132.0,19176.0,15993.0,458.4,76.03,1,1.6,0,9.83,AUS_PARADIP_PANAMAX,Panamax,synthetic_public_proxy,14208.0,14050.0,14006.0,13826.0,12763.0,13831.0,14928.0,15413.0,17508.0,17467.0,14677.0,14534.0,425.8,422.5,415.7,408.7,481.0,502.5,9.34,8.53,10.28,10.98,9.57,10.04,14349.0,529.1565615833044,14150.666666666666,693.2476054226547,430.6,19.004385458803654,465.51666666666665,41.50430061688749,9.495,0.7491550796286074,9.859166666666667,1.0770368300728306,1306.0,1301.0,49.69999999999999,6.0497664,-1.0300000000000011,1.004651165016433,49,11,-0.35460488704253595,0.9350162426854147
2020-12-07,15262.0,18221.0,15682.0,404.6,75.96,0,1.0,0,9.27,AUS_PARADIP_PANAMAX,Panamax,synthetic_public_proxy,15132.0,14208.0,14050.0,14006.0,13412.0,15053.0,19176.0,14928.0,15413.0,17508.0,16765.0,15283.0,458.4,425.8,422.5,415.7,519.9,510.3,9.83,9.34,8.53,10.28,9.3,12.2,14663.0,622.2421822195373,14168.083333333334,720.0840176147813,427.825,22.410470023334835,456.7083333333333,42.34375468243291,9.2425,0.5363689650480102,9.615,0.7927111132631541,1256.0,209.0,-11.099999999999966,6.9365087999999995,-0.960000000000008,1.042888519596182,50,12,-0.2393156642875578,0.970941817426052
2020-12-14,15960.0,15850.0,15118.0,419.4,75.75,0,1.6,0,8.98,AUS_PARADIP_PANAMAX,Panamax,synthetic_public_proxy,15262.0,15132.0,14208.0,14050.0,14170.0,14781.0,18221.0,19176.0,14928.0,15413.0,15740.0,14320.0,404.6,458.4,425.8,422.5,491.1,518.5,9.27,9.83,9.34,8.53,9.27,9.15,15140.5,720.1784501080258,14266.333333333334,875.0684475392708,427.04999999999995,22.707634545825993,448.45,38.704275075124556,9.355,0.3529400326778977,9.600833333333332,0.8032259767319343,1910.0,1179.0,-3.1000000000000227,6.1750052,-0.5699999999999932,1.3753936013696917,51,12,-0.12053668025532363,0.992708874098054
2020-12-21,15865.0,18651.0,16186.0,459.9,75.81,0,1.1,0,8.84,AUS_PARADIP_PANAMAX,Panamax,synthetic_public_proxy,15960.0,15262.0,15132.0,14208.0,14701.0,13706.0,15850.0,18221.0,19176.0,14928.0,15700.0,13435.0,419.4,404.6,458.4,425.8,443.8,490.5,8.98,9.27,9.83,9.34,11.06,8.8,15554.75,418.2912661451722,14446.25,966.5550000811226,435.575,27.891262072558078,445.8999999999999,36.634683020329234,9.23,0.4382541119791955,9.604166666666666,0.7996755971055143,1657.0,2159.0,34.099999999999966,6.693624,0.14000000000000057,1.32809121314862,52,12,6.432490598706546e-16,1.0
2020-12-28,16055.0,19263.0,16535.0,438.4,76.24,0,1.1,0,9.24,AUS_PARADIP_PANAMAX,Panamax,synthetic_public_proxy,15865.0,15960.0,15262.0,15132.0,13826.0,12763.0,18651.0,15850.0,18221.0,19176.0,17467.0,14677.0,459.9,419.4,404.6,458.4,408.7,481.0,8.84,8.98,9.27,9.83,10.98,9.57,15785.5,357.5159670093977,14720.583333333334,910.951296805441,430.57500000000005,23.94972164069527,442.34999999999997,34.949457012299135,9.0825,0.20758532382292968,9.576666666666666,0.8066015500890517,923.0,3292.0,-20.0,7.2963135,0.20999999999999375,1.595492949464048,53,12,0.12053668025532314,0.992708874098054
2021-01-04,16692.0,17902.0,16341.0,435.0,76.38,0,3.3,0,9.47,AUS_PARADIP_PANAMAX,Panamax,synthetic_public_proxy,16055.0,15865.0,15960.0,15262.0,14006.0,13412.0,19263.0,18651.0,15850.0,18221.0,17508.0,16765.0,438.4,459.9,419.4,404.6,415.7,519.9,9.24,8.84,8.98,9.27,10.28,9.3,16143.0,374.129211191354,14993.916666666666,972.6119901241867,438.17499999999995,16.679403466554664,435.27500000000003,25.000840894948826,9.1325,0.2794488623463543,9.590833333333334,0.8027844535041017,1430.0,3280.0,30.399999999999977,7.038512,0.4200000000000017,1.9807869731323253,1,1,0.12053668025532305,0.992708874098054
2021-01-11,14660.0,17441.0,15039.0,424.0,76.13,0,0.9,0,8.23,AUS_PARADIP_PANAMAX,Panamax,synthetic_public_proxy,16692.0,16055.0,15865.0,15960.0,14050.0,14170.0,17902.0,19263.0,18651.0,15850.0,15413.0,15740.0,435.0,438.4,459.9,419.4,422.5,491.1,9.47,9.24,8.84,8.98,8.53,9.27,15818.0,849.1599770753829,15034.75,944.7639556091136,439.32499999999993,15.03049677600337,429.6833333333334,17.86555005556446,8.945,0.5431083378725354,9.504166666666666,0.8917751279262499,-1300.0,490.0,4.600000000000023,7.26102,0.37999999999999545,0.23436578392312343,2,1,0.23931566428755774,0.970941817426052
2021-01-18,14176.0,13747.0,13296.0,410.9,76.75,0,0.8,0,8.78,AUS_PARADIP_PANAMAX,Panamax,synthetic_public_proxy,14660.0,16692.0,16055.0,15865.0,14208.0,14701.0,17441.0,17902.0,19263.0,18651.0,14928.0,15700.0,424.0,435.0,438.4,459.9,425.8,443.8,8.23,9.47,9.24,8.84,9.34,11.06,15395.75,1175.300351683205,14991.0,973.3476441455201,427.075,12.411654469360267,426.94166666666666,18.02596401826764,8.93,0.5477834121864844,9.314166666666667,0.7638712210996331,-1689.0,-525.0,-49.0,6.21584,0.9399999999999977,-0.2812200954039611,3,1,0.3546048870425356,0.9350162426854148
2021-01-25,16274.0,21548.0,17570.0,410.5,77.53,0,0.8,0,8.53,AUS_PARADIP_PANAMAX,Panamax,synthetic_public_proxy,14176.0,14660.0,16692.0,16055.0,15132.0,13826.0,13747.0,17441.0,17902.0,19263.0,19176.0,17467.0,410.9,424.0,435.0,438.4,458.4,408.7,8.78,8.23,9.47,9.24,9.83,10.98,15450.5,1220.4800967925144,15195.0,963.4659969468166,420.1,11.747623873226269,427.0916666666667,17.867159225458302,8.7525,0.5285435964358391,9.110000000000001,0.584512228661257,219.0,2448.0,-27.899999999999977,5.8249184,1.2900000000000063,1.6127581130650495,4,1,0.4647231720437685,0.8854560256532099
2021-02-01,16414.0,21740.0,17724.0,447.6,77.8,0,1.5,0,9.49,AUS_PARADIP_PANAMAX,Panamax,synthetic_public_proxy,16274.0,14176.0,14660.0,16692.0,15262.0,14006.0,21548.0,13747.0,17441.0,17902.0,18221.0,17508.0,410.5,410.9,424.0,435.0,404.6,415.7,8.53,8.78,8.23,9.47,9.27,10.28,15381.0,1130.8409849900788,15395.666666666666,943.8782985238281,423.25,17.40277755609128,429.75,18.383812049043197,8.7575,0.5376104537674072,9.044166666666667,0.47498245581635773,-278.0,2408.0,12.600000000000023,6.680477,1.4200000000000017,1.6028132113777551,5,2,0.5680647467311558,0.8229838658936564
2021-02-08,17015.0,18629.0,16810.0,495.7,78.3,0,1.2,0,9.58,AUS_PARADIP_PANAMAX,Panamax,synthetic_public_proxy,16414.0,16274.0,14176.0,14660.0,15960.0,14050.0,21740.0,21548.0,13747.0,17441.0,15850.0,15413.0,447.6,410.5,410.9,424.0,419.4,422.5,9.49,8.53,8.78,8.23,8.98,8.53,15969.75,1238.2800908249035,15642.75,947.6664281754951,441.175,40.29800449981096,435.84999999999997,26.229632791246523,9.094999999999999,0.519519008314425,9.131666666666666,0.4683206619659719,2355.0,2965.0,71.69999999999999,7.3469064,2.1700000000000017,1.9698970402259348,6,2,0.6631226582407952,0.7485107481711011
2021-02-15,20270.0,24956.0,21131.0,489.4,78.92,0,1.2,0,9.39,AUS_PARADIP_PANAMAX,Panamax,synthetic_public_proxy,17015.0,16414.0,16274.0,14176.0,15865.0,14208.0,18629.0,21740.0,21548.0,13747.0,18651.0,14928.0,495.7,447.6,410.5,410.9,459.9,425.8,9.58,9.49,8.53,8.78,8.84,9.34,17493.25,1878.8662139705414,16147.916666666666,1542.412600048335,460.8,39.75047169531585,441.1499999999999,30.1472899430295,9.247499999999999,0.4845874534075412,9.135833333333332,0.4705597891357896,6094.0,6062.0,78.5,8.4343355,2.1700000000000017,3.3787211775198225,7,2,0.7485107481711011,0.6631226582407953
2021-02-22,19838.0,15717.0,17198.0,540.9,79.49,0,1.4,0,9.52,AUS_PARADIP_PANAMAX,Panamax,synthetic_public_proxy,20270.0,17015.0,16414.0,16274.0,16055.0,15132.0,24956.0,18629.0,21740.0,21548.0,19263.0,19176.0,489.4,495.7,447.6,410.5,438.4,458.4,9.39,9.58,9.49,8.53,9.24,9.83,18384.25,1951.5953089716102,16540.083333333332,1831.7526360556851,493.4,38.188916367624586,448.0249999999999,41.65088943719072,9.495000000000001,0.07937253933199168,9.11,0.43624430186432794,3564.0,4706.0,130.39999999999998,9.920138,1.9599999999999937,2.546166468000953,8,2,0.8229838658936564,0.5680647467311559
2021-03-01,22488.0,22727.0,21459.0,541.2,79.81,0,1.5,0,9.88,AUS_PARADIP_PANAMAX,Panamax,synthetic_public_proxy,19838.0,20270.0,17015.0,16414.0,16692.0,15262.0,15717.0,24956.0,18629.0,21740.0,17902.0,18221.0,540.9,489.4,495.7,447.6,435.0,404.6,9.52,9.39,9.58,9.49,9.47,9.27,19902.75,2248.086797701547,17142.25,2455.0773779696137,516.8,28.119625412395116,459.4083333333333,47.02383261000028,9.5925,0.20742468512693915,9.160833333333334,0.48894056774610345,6074.0,7226.0,93.60000000000002,10.7303742,2.010000000000005,3.054485056354945,9,3,0.8854560256532099,0.4647231720437686
2021-03-08,20508.0,22640.0,20335.0,590.1,80.12,1,1.5,0,11.85,AUS_PARADIP_PANAMAX,Panamax,synthetic_public_proxy,22488.0,19838.0,20270.0,17015.0,14660.0,15960.0,22727.0,15717.0,24956.0,18629.0,17441.0,15850.0,541.2,540.9,489.4,495.7,424.0,419.4,9.88,9.52,9.39,9.58,8.23,8.98,20776.0,1174.5421803125375,17521.25,2602.5917196308137,540.4,41.117636118824635,473.63333333333327,58.29009479761669,10.16,1.1455711821328913,9.4,0.9116518474226273,3493.0,4548.0,94.40000000000003,12.170505600000002,1.8200000000000074,1.9253794176803314,10,3,0.9350162426854148,0.35460488704253557
2021-03-15,20902.0,21585.0,20130.0,583.5,80.39,0,2.6,0,10.71,AUS_PARADIP_PANAMAX,Panamax,synthetic_public_proxy,20508.0,22488.0,19838.0,20270.0,14176.0,15865.0,22640.0,22727.0,15717.0,24956.0,13747.0,18651.0,590.1,541.2,540.9,489.4,410.9,459.9,11.85,9.88,9.52,9.39,8.78,8.84,20934.0,1125.260266190299,17941.0,2714.947613758782,563.925,26.55112991946025,483.93333333333334,66.0468749977596,10.49,1.0345691534804986,9.555833333333334,0.9654622852511742,632.0,5037.0,94.10000000000002,12.1017708,1.4699999999999989,1.8509764457833544,11,3,0.970941817426052,0.23931566428755804
2021-03-22,22148.0,28195.0,23459.0,584.0,79.88,0,2.5,0,9.78,AUS_PARADIP_PANAMAX,Panamax,synthetic_public_proxy,20902.0,20508.0,22488.0,19838.0,16274.0,16055.0,21585.0,22640.0,22727.0,15717.0,21548.0,19263.0,583.5,590.1,541.2,540.9,410.5,438.4,10.71,11.85,9.88,9.52,8.53,9.24,21511.5,955.1940466034445,18448.75,2894.0138570064596,574.7,22.533974349857857,496.0666666666666,70.16702583943186,10.555,0.9586970324351815,9.600833333333334,0.9619814620528442,2310.0,6093.0,43.10000000000002,12.196317,0.39000000000000057,2.0287554645642882,12,3,0.992708874098054,0.120536680255323
2021-03-29,24218.0,36165.0,27786.0,591.3,80.23,0,1.8,0,11.38,AUS_PARADIP_PANAMAX,Panamax,synthetic_public_proxy,22148.0,20902.0,20508.0,22488.0,16414.0,16692.0,28195.0,21585.0,22640.0,22727.0,21740.0,17902.0,584.0,583.5,590.1,541.2,447.6,435.0,9.78,10.71,11.85,9.88,9.49,9.47,21944.0,1669.3863143882133,19075.916666666668,3269.7858828517974,587.225,4.0475301110735655,509.09166666666664,72.27596681323507,10.93,0.898109124772724,9.76,1.0881092859551422,1730.0,7526.0,50.09999999999991,12.934432,0.4200000000000017,2.335201158439701,13,3,1.0,-1.6081226496766366e-16
2021-04-05,26650.0,26822.0,25386.0,688.6,79.6,1,3.2,0,13.75,AUS_PARADIP_PANAMAX,Panamax,synthetic_public_proxy,24218.0,22148.0,20902.0,20508.0,17015.0,14660.0,36165.0,28195.0,21585.0,22640.0,18629.0,17441.0,591.3,584.0,583.5,590.1,495.7,424.0,11.38,9.78,10.71,11.85,9.58,8.23,23479.5,2517.5286161895615,20075.083333333332,3611.7599199970205,611.85,51.290707410472564,531.1416666666667,83.45395527783647,11.405000000000001,1.6954153866629167,10.22,1.4790598979818774,6142.0,11990.0,98.5,14.320103399999999,-0.5200000000000102,2.5745293224846657,14,4,0.992708874098054,-0.12053668025532288
2021-04-12,29409.0,29174.0,27845.0,707.4,79.24,0,2.0,0,17.08,AUS_PARADIP_PANAMAX,Panamax,synthetic_public_proxy,26650.0,24218.0,22148.0,20902.0,20270.0,14176.0,26822.0,36165.0,28195.0,21585.0,24956.0,13747.0,688.6,591.3,584.0,583.5,489.4,410.9,13.75,11.38,9.78,10.71,9.39,8.78,25606.25,3132.4672251544243,21344.5,4005.4360675098756,642.825,64.24040135823167,555.85,88.36551672148205,12.997499999999999,3.1728890620379477,10.911666666666667,2.399033264892458,8507.0,15233.0,123.89999999999998,18.35119,-1.1500000000000057,2.70240698875677,15,4,0.9709418174260521,-0.2393156642875575
2021-04-19,29506.0,34829.0,30160.0,671.1,79.89,0,2.4,0,13.59,AUS_PARADIP_PANAMAX,Panamax,synthetic_public_proxy,29409.0,26650.0,24218.0,22148.0,19838.0,16274.0,29174.0,26822.0,36165.0,28195.0,15717.0,21548.0,707.4,688.6,591.3,584.0,540.9,410.5,17.08,13.75,11.38,9.78,9.52,8.53,27445.75,2526.563459853455,22447.166666666668,4293.635095502783,664.6,51.065252373801286,577.5666666666667,81.1226269672068,13.95,2.3502765794689053,11.333333333333334,2.3870191884567156,7358.0,13232.0,87.10000000000002,20.803926599999997,0.010000000000005116,2.3166384826512743,16,4,0.9350162426854148,-0.35460488704253545
2021-04-26,29335.0,39027.0,31745.0,694.5,80.32,0,2.6,0,14.3,AUS_PARADIP_PANAMAX,Panamax,synthetic_public_proxy,29506.0,29409.0,26650.0,24218.0,22488.0,16414.0,34829.0,29174.0,26822.0,36165.0,22727.0,21740.0,671.1,707.4,688.6,591.3,541.2,447.6,13.59,17.08,13.75,11.38,9.88,9.49,28725.0,1385.104328200584,23523.916666666668,4263.148504830937,690.4,15.072491499417247,598.1416666666667,76.33168600180908,14.68,1.628639514032106,11.734166666666667,2.4523030301157918,5117.0,12921.0,103.20000000000005,19.8014766,0.0899999999999892,2.000589463525045,17,4,0.8854560256532099,-0.4647231720437685
2021-05-03,32428.0,31391.0,30392.0,671.1,81.06,1,3.5,0,18.37,AUS_PARADIP_PANAMAX,Panamax,synthetic_public_proxy,29335.0,29506.0,29409.0,26650.0,20508.0,17015.0,39027.0,34829.0,29174.0,26822.0,22640.0,18629.0,694.5,671.1,707.4,688.6,590.1,495.7,14.3,13.59,17.08,13.75,11.85,9.58,30169.5,1507.2939328478667,24808.333333333332,4441.936275858498,686.025,18.020613197114187,612.7583333333333,71.57745275171668,15.835,2.2636622245084945,12.466666666666667,3.0016187551911186,5778.0,15413.0,-17.5,20.3731575,1.460000000000008,2.2387624039130514,18,5,0.8229838658936565,-0.5680647467311557
2021-05-10,32835.0,40422.0,34228.0,645.6,80.93,1,3.0,0,18.61,AUS_PARADIP_PANAMAX,Panamax,synthetic_public_proxy,32428.0,29335.0,29506.0,29409.0,20902.0,20270.0,31391.0,39027.0,34829.0,29174.0,21585.0,24956.0,671.1,694.5,671.1,707.4,583.5,489.4,18.37,14.3,13.59,17.08,10.71,9.39,31026.0,1862.6116073943028,25855.416666666668,4745.457952004441,670.575,19.972543653726447,625.775,60.44136339536777,16.2175,2.6418349052631487,13.235,3.3069829699646593,3426.0,12565.0,-61.799999999999955,21.7624308,1.690000000000012,2.030644937383813,19,5,0.7485107481711013,-0.663122658240795
2021-05-17,30478.0,43420.0,34131.0,667.7,80.39,1,3.0,0,17.36,AUS_PARADIP_PANAMAX,Panamax,synthetic_public_proxy,32835.0,32428.0,29335.0,29506.0,22148.0,19838.0,40422.0,31391.0,39027.0,34829.0,28195.0,15717.0,645.6,671.1,694.5,671.1,584.0,540.9,18.61,18.37,14.3,13.59,9.78,9.52,31269.0,1649.4114101703033,26742.083333333332,4506.943359636265,669.725,20.01505683229525,636.3416666666666,55.1022431210354,17.16,1.982103260007768,13.888333333333334,3.280656346008518,972.0,10640.0,-3.3999999999999773,21.198276,0.5,1.5009259660601089,20,5,0.6631226582407952,-0.7485107481711012
2021-05-24,28707.0,25987.0,26184.0,659.5,80.29,1,2.8,0,17.14,AUS_PARADIP_PANAMAX,Panamax,synthetic_public_proxy,30478.0,32835.0,32428.0,29335.0,24218.0,22488.0,43420.0,40422.0,31391.0,39027.0,36165.0,22727.0,667.7,645.6,671.1,694.5,591.3,541.2,17.36,18.61,18.37,14.3,11.38,9.88,31112.0,1904.9554675459794,27260.333333333332,4327.2771059310335,660.975,11.3476502707247,646.1999999999999,46.433686831084955,17.87,0.7281483365359668,14.493333333333332,3.1407015236418037,-628.0,6219.0,-35.0,20.350160600000002,-0.029999999999986926,1.1268014912751205,21,5,0.5680647467311558,-0.8229838658936564
2021-05-31,27579.0,26131.0,25621.0,660.1,80.35,0,3.2,0,15.6,AUS_PARADIP_PANAMAX,Panamax,synthetic_public_proxy,28707.0,30478.0,32835.0,32428.0,26650.0,20508.0,25987.0,43420.0,40422.0,31391.0,26822.0,22640.0,659.5,667.7,645.6,671.1,688.6,590.1,17.14,17.36,18.61,18.37,13.75,11.85,29899.75,2291.9132291602987,27849.583333333332,3769.7305777452534,658.225,9.207017251351225,652.0333333333334,43.01651550347385,17.1775,1.2349460177136318,14.805833333333334,3.03868529685672,-4849.0,7071.0,-11.0,18.9322665,-0.710000000000008,0.8759148487077381,22,5,0.46472317204376906,-0.8854560256532096
2021-06-07,29732.0,32482.0,29345.0,651.9,80.41,1,3.1,0,14.7,AUS_PARADIP_PANAMAX,Panamax,synthetic_public_proxy,27579.0,28707.0,30478.0,32835.0,29409.0,20902.0,26131.0,25987.0,43420.0,40422.0,29174.0,21585.0,660.1,659.5,667.7,645.6,707.4,583.5,15.6,17.14,17.36,18.61,17.08,10.71,29124.0,1260.1447006858587,28585.416666666668,3090.9946165751608,659.8,6.454972243679985,657.7333333333333,37.25580695026148,16.2,1.2700656151029195,15.138333333333334,2.7548035182644695,-3103.0,8830.0,6.2999999999999545,18.204897900000002,-0.5200000000000102,1.1317560986523152,23,6,0.35460488704253584,-0.9350162426854147
2021-06-14,31073.0,32439.0,30066.0,654.8,80.97,0,4.0,0,15.37,AUS_PARADIP_PANAMAX,Panamax,synthetic_public_proxy,29732.0,27579.0,28707.0,30478.0,29506.0,22148.0,32482.0,26131.0,25987.0,43420.0,34829.0,28195.0,651.9,660.1,659.5,667.7,671.1,584.0,14.7,15.6,17.14,17.36,13.59,9.78,29272.75,1487.8029383400608,29329.166666666668,2397.090920008563,656.575,3.9152479700116296,663.6333333333333,29.267149854505146,15.7025,1.0315805025946463,15.604166666666666,2.17874633816341,595.0,8925.0,-12.900000000000091,19.3822908,0.5799999999999983,1.243754799244022,24,6,0.23931566428755768,-0.970941817426052
2021-06-21,33882.0,42015.0,35441.0,660.4,80.81,0,3.4,0,17.59,AUS_PARADIP_PANAMAX,Panamax,synthetic_public_proxy,31073.0,29732.0,27579.0,28707.0,29335.0,24218.0,32439.0,32482.0,26131.0,25987.0,39027.0,36165.0,654.8,651.9,660.1,659.5,694.5,591.3,15.37,14.7,15.6,17.14,14.3,11.38,30566.5,2637.589113818398,30134.5,2132.604446978463,656.8,4.157723736214322,669.3916666666667,18.592934060273944,15.815,1.2433958876132025,16.121666666666666,1.7863768987093056,5175.0,9664.0,0.8999999999999773,20.3466004,0.519999999999996,1.5464089693672554,25,6,0.12053668025532308,-0.992708874098054
2021-06-28,33680.0,40179.0,34596.0,591.6,80.99,1,3.1,0,20.84,AUS_PARADIP_PANAMAX,Panamax,synthetic_public_proxy,33882.0,31073.0,29732.0,27579.0,32428.0,26650.0,42015.0,32439.0,32482.0,26131.0,31391.0,26822.0,660.4,654.8,651.9,660.1,671.1,688.6,17.59,15.37,14.7,15.6,18.37,13.75,32091.75,2027.6262599404233,30720.333333333332,2052.4584076543624,639.675,32.24359109445919,661.3083333333333,28.124995622895266,17.125,2.767556081937052,16.712500000000002,2.079148099145816,6101.0,7030.0,-68.5,22.3756728,0.6400000000000006,1.3958339417441705,26,6,-3.216245299353273e-16,-1.0
2021-07-05,35106.0,32730.0,32400.0,607.6,80.52,1,3.4,0,17.96,AUS_PARADIP_PANAMAX,Panamax,synthetic_public_proxy,33680.0,33882.0,31073.0,29732.0,32835.0,29409.0,40179.0,42015.0,32439.0,32482.0,40422.0,29174.0,591.6,660.4,654.8,651.9,645.6,707.4,20.84,17.59,15.37,14.7,18.61,17.08,33435.25,1696.1838294634574,31195.083333333332,2357.739034766179,628.6,34.19395658104942,652.9916666666667,28.01186301724629,17.94,2.24631550173466,16.785833333333333,2.1085990969160044,5374.0,5697.0,-44.299999999999955,19.925088,0.10999999999999943,1.483596285826229,27,7,-0.12053668025532283,-0.992708874098054
2021-07-12,37937.0,47062.0,39690.0,573.8,80.75,0,3.5,0,17.4,AUS_PARADIP_PANAMAX,Panamax,synthetic_public_proxy,35106.0,33680.0,33882.0,31073.0,30478.0,29506.0,32730.0,40179.0,42015.0,32439.0,43420.0,34829.0,607.6,591.6,660.4,654.8,667.7,671.1,17.96,20.84,17.59,15.37,17.36,13.59,35151.25,1961.1240611785179,31897.666666666668,2982.147253645226,608.35,37.34537008340798,644.8833333333333,35.401305403084045,18.447499999999998,1.611859691991451,17.103333333333335,1.8552693180301543,6864.0,8431.0,-81.0,21.330405600000002,-0.21999999999999886,1.759606598782985,28,7,-0.23931566428755743,-0.9709418174260521
2021-07-19,37939.0,38179.0,36138.0,531.3,80.77,0,5.0,0,18.49,AUS_PARADIP_PANAMAX,Panamax,synthetic_public_proxy,37937.0,35106.0,33680.0,33882.0,28707.0,29335.0,47062.0,32730.0,40179.0,42015.0,25987.0,39027.0,573.8,607.6,591.6,660.4,659.5,694.5,17.4,17.96,20.84,17.59,17.14,14.3,36165.5,2127.8913662747573,32614.666666666668,3324.654522949594,576.0749999999999,32.88782702865483,631.2833333333333,44.727067934983324,18.6725,1.5119826939045222,17.4525,1.6641521182653625,4057.0,8604.0,-129.10000000000002,21.7682506,-0.04000000000000625,1.6455886746805417,29,7,-0.3546048870425356,-0.9350162426854148
2021-07-26,38385.0,51298.0,41631.0,529.7,80.42,0,3.8,0,18.12,AUS_PARADIP_PANAMAX,Panamax,synthetic_public_proxy,37939.0,37937.0,35106.0,33680.0,27579.0,32428.0,38179.0,47062.0,32730.0,40179.0,26131.0,31391.0,531.3,573.8,607.6,591.6,660.1,671.1,18.49,17.4,17.96,20.84,15.6,18.37,37341.75,1505.321532652295,33111.083333333336,3715.952746013536,560.6,37.40115862733031,619.5,51.4103456160688,17.9925,0.4530912343742429,17.43166666666667,1.6531503442233806,4705.0,5957.0,-61.89999999999998,20.156990699999998,-0.5699999999999932,1.5924755387624905,30,7,-0.46472317204376806,-0.8854560256532101
2021-08-02,35437.0,37754.0,34592.0,531.9,80.32,0,3.8,0,14.72,AUS_PARADIP_PANAMAX,Panamax,synthetic_public_proxy,38385.0,37939.0,37937.0,35106.0,29732.0,32835.0,51298.0,38179.0,47062.0,32730.0,32482.0,40422.0,529.7,531.3,573.8,607.6,651.9,645.6,18.12,18.49,17.4,17.96,14.7,18.61,37424.5,1341.6510972181457,33327.916666666664,3773.8432173034626,541.675,21.43678691719908,610.025,56.398341771238854,17.1825,1.7029068285337208,17.1075,1.7777827099047274,331.0,2602.0,-75.70000000000005,20.3325345,-0.20000000000000284,1.0758319791428852,31,8,-0.5680647467311556,-0.8229838658936566
2021-08-09,33555.0,36026.0,32866.0,513.7,80.25,0,5.4,0,15.71,AUS_PARADIP_PANAMAX,Panamax,synthetic_public_proxy,35437.0,38385.0,37939.0,37937.0,31073.0,30478.0,37754.0,51298.0,38179.0,47062.0,32439.0,43420.0,531.9,529.7,531.3,573.8,654.8,667.7,14.72,18.12,18.49,17.4,15.37,17.36,36329.0,2259.0540793290716,33584.333333333336,3665.5815198665737,526.65,8.683125397386542,597.1916666666667,59.516437123527474,16.759999999999998,1.8354472661089387,16.97,1.819790197697581,-4382.0,3077.0,-60.09999999999991,18.848940300000002,-0.5,0.7189085242930077,32,8,-0.663122658240795,-0.7485107481711013
2021-08-16,31739.0,40508.0,33660.0,536.5,80.13,0,3.7,0,15.55,AUS_PARADIP_PANAMAX,Panamax,synthetic_public_proxy,33555.0,35437.0,38385.0,37939.0,33882.0,28707.0,36026.0,37754.0,51298.0,38179.0,42015.0,25987.0,513.7,531.9,529.7,531.3,660.4,659.5,15.71,14.72,18.12,18.49,17.59,17.14,34779.0,2838.7776712287027,33837.0,3393.203849407786,527.95,9.913458864934016,586.9416666666667,58.39105564029385,16.025000000000002,1.4625206551248373,16.837500000000002,1.863643181805667,-6200.0,3032.0,5.2000000000000455,17.2372035,-0.6400000000000006,0.34722514155285944,33,8,-0.7485107481711011,-0.6631226582407952
2021-08-23,28138.0,33420.0,28844.0,501.3,81.01,0,3.1,0,11.04,AUS_PARADIP_PANAMAX,Panamax,synthetic_public_proxy,31739.0,33555.0,35437.0,38385.0,33680.0,27579.0,40508.0,36026.0,37754.0,51298.0,40179.0,26131.0,536.5,513.7,531.9,529.7,591.6,660.1,15.55,15.71,14.72,18.12,20.84,15.6,32217.25,3110.485961496476,33883.583333333336,3302.095105131405,520.85,16.333503400477447,573.7083333333334,58.29826846537229,14.254999999999999,2.1868165599031837,16.4575,2.4963905762301626,-10247.0,559.0,-28.400000000000034,17.0279735,0.5900000000000034,-0.3911726571150116,34,8,-0.8229838658936564,-0.5680647467311559
2021-08-30,28622.0,34150.0,29402.0,492.8,80.97,0,3.7,0,12.7,AUS_PARADIP_PANAMAX,Panamax,synthetic_public_proxy,28138.0,31739.0,33555.0,35437.0,35106.0,29732.0,33420.0,40508.0,36026.0,37754.0,32730.0,32482.0,501.3,536.5,513.7,531.9,607.6,651.9,11.04,15.55,15.71,14.72,17.96,14.7,30513.5,2580.2677509643563,33791.083333333336,3441.565353633836,511.07500000000005,18.99866223360859,560.45,56.97558488271348,13.75,2.275097067526306,16.290833333333335,2.684099504771575,-6815.0,-1110.0,-39.099999999999966,14.1055794,0.6500000000000057,-0.3589442883824612,35,8,-0.8854560256532096,-0.4647231720437691
2021-09-06,26897.0,25056.0,24816.0,480.7,80.86,1,3.3,0,11.62,AUS_PARADIP_PANAMAX,Panamax,synthetic_public_proxy,28622.0,28138.0,31739.0,33555.0,37937.0,31073.0,34150.0,33420.0,40508.0,36026.0,47062.0,32439.0,492.8,501.3,536.5,513.7,573.8,654.8,12.7,11.04,15.55,15.71,17.4,15.37,28849.0,2059.0818342164043,33443.083333333336,3919.3604872207598,502.825,23.98852156067041,545.9416666666667,52.777947501056346,12.7275,2.003453268733797,15.978333333333332,3.0006842653978,-6658.0,-4176.0,-33.00000000000006,14.104921599999999,0.6099999999999994,-0.8227217306835969,36,9,-0.9350162426854147,-0.3546048870425359
2021-09-13,26280.0,30845.0,26792.0,482.4,79.86,0,2.8,0,11.4,AUS_PARADIP_PANAMAX,Panamax,synthetic_public_proxy,26897.0,28622.0,28138.0,31739.0,37939.0,33882.0,25056.0,34150.0,33420.0,40508.0,38179.0,42015.0,480.7,492.8,501.3,536.5,531.3,660.4,11.62,12.7,11.04,15.55,18.49,17.59,27484.25,1082.7349244698169,32809.583333333336,4423.866068544995,489.3,9.623235769051623,531.1083333333333,41.491652135938345,11.69,0.7145161533047906,15.462499999999999,3.2223061335294805,-5459.0,-7602.0,-54.10000000000002,12.9293879,-0.269999999999996,-1.089052295596462,37,9,-0.970941817426052,-0.23931566428755774
2021-09-20,26622.0,27848.0,25781.0,492.0,79.46,1,2.7,0,13.0,AUS_PARADIP_PANAMAX,Panamax,synthetic_public_proxy,26280.0,26897.0,28622.0,28138.0,38385.0,33680.0,30845.0,25056.0,34150.0,33420.0,51298.0,40179.0,482.4,480.7,492.8,501.3,529.7,591.6,11.4,11.62,12.7,11.04,18.12,20.84,27105.25,1042.1878829334596,32221.416666666668,4754.4599436802655,486.975,6.3110353086284725,522.8083333333333,38.115457573806275,12.18,0.7884161337771677,14.809166666666664,2.8000014880948276,-1516.0,-7058.0,-9.300000000000011,12.677472,-1.5500000000000114,-1.1264547474072317,38,9,-0.992708874098054,-0.12053668025532357
2021-09-27,26820.0,32018.0,27558.0,469.9,79.36,0,3.0,0,12.09,AUS_PARADIP_PANAMAX,Panamax,synthetic_public_proxy,26622.0,26280.0,26897.0,28622.0,35437.0,35106.0,27848.0,30845.0,25056.0,34150.0,37754.0,32730.0,492.0,482.4,480.7,492.8,531.9,607.6,13.0,11.4,11.62,12.7,14.72,17.96,26654.75,275.3801917349785,31530.916666666668,4897.000760360293,481.24999999999994,9.055569188815474,511.3333333333333,30.166547798192404,12.0275,0.7093365444790447,14.32,2.710833484708737,-1802.0,-8286.0,-22.900000000000034,13.098024,-1.6099999999999994,-1.1457460909763744,39,9,-1.0,-1.8369701987210297e-16
2021-10-04,27421.0,26724.0,25771.0,499.8,79.06,0,5.1,0,13.07,AUS_PARADIP_PANAMAX,Panamax,synthetic_public_proxy,26820.0,26622.0,26280.0,26897.0,33555.0,37937.0,32018.0,27848.0,30845.0,25056.0,36026.0,47062.0,469.9,492.0,482.4,480.7,513.7,573.8,12.09,13.0,11.4,11.62,15.71,17.4,26785.75,478.6483573564141,30654.583333333332,4576.866444082603,486.025,12.891954855648896,505.1666666666667,22.93236432061368,12.39,0.7967852073594248,13.959166666666667,2.5468071217018897,524.0,-10516.0,19.100000000000023,12.602718,-1.7999999999999972,-1.0020949476839163,40,10,-0.992708874098054,0.1205366802553232
2021-10-11,26284.0,31371.0,27005.0,512.8,79.74,0,2.8,0,13.61,AUS_PARADIP_PANAMAX,Panamax,synthetic_public_proxy,27421.0,26820.0,26622.0,26280.0,31739.0,37939.0,26724.0,32018.0,27848.0,30845.0,40508.0,38179.0,499.8,469.9,492.0,482.4,536.5,531.3,13.07,12.09,13.0,11.4,15.55,18.49,26786.75,477.24164040172235,29683.333333333332,4102.5947960535605,493.625,17.993772070731005,503.625,21.598868867689774,12.9425,0.6303107699117912,13.5525,2.1096622952501107,4.0,-11655.0,30.399999999999977,13.7050158,-0.12000000000000455,-1.2404421845140368,41,10,-0.9709418174260521,0.23931566428755738
2021-10-18,24523.0,26013.0,23893.0,476.8,79.69,0,3.0,0,13.54,AUS_PARADIP_PANAMAX,Panamax,synthetic_public_proxy,26284.0,27421.0,26820.0,26622.0,28138.0,38385.0,31371.0,26724.0,32018.0,27848.0,33420.0,51298.0,512.8,499.8,469.9,492.0,501.3,529.7,13.61,13.07,12.09,13.0,11.04,18.12,26262.0,1248.8995155736086,28528.166666666668,3303.4588163794197,489.825,19.950000000002174,499.2166666666667,21.187682241998548,13.0775,0.7006366152769874,13.170833333333333,1.5476519360474736,-2099.0,-13862.0,-15.199999999999989,13.4784352,0.23000000000000398,-1.5699747678094802,42,10,-0.9350162426854148,0.35460488704253557
2021-10-25,23517.0,23520.0,22342.0,444.1,80.33,1,2.7,0,12.71,AUS_PARADIP_PANAMAX,Panamax,synthetic_public_proxy,24523.0,26284.0,27421.0,26820.0,28622.0,35437.0,26013.0,31371.0,26724.0,32018.0,34150.0,37754.0,476.8,512.8,499.8,469.9,492.8,531.9,13.54,13.61,13.07,12.09,12.7,14.72,25436.25,1748.852838291431,27534.833333333332,2789.27363739061,483.375,30.118474396955893,491.90000000000003,23.865799036202095,13.2325,0.42287705068982445,13.003333333333332,1.4716492500427878,-3303.0,-11920.0,-25.799999999999955,11.6925664,0.9699999999999989,-1.664785825569133,43,10,-0.8854560256532101,0.464723172043768
2021-11-01,19804.0,24876.0,20843.0,458.2,80.37,0,1.6,0,11.03,AUS_PARADIP_PANAMAX,Panamax,synthetic_public_proxy,23517.0,24523.0,26284.0,27421.0,26897.0,33555.0,23520.0,26013.0,31371.0,26724.0,25056.0,36026.0,444.1,476.8,512.8,499.8,480.7,513.7,12.71,13.54,13.61,13.07,11.62,15.71,23532.0,2735.7993347466104,26388.916666666668,2913.080202320457,472.97499999999997,29.73621529381456,487.27500000000003,24.62279524047922,12.7225,1.2000937463382308,12.613333333333335,1.2991629006495844,-7617.0,-13751.0,-41.60000000000002,10.443899700000001,1.3100000000000023,-2.1791621940014965,44,11,-0.822983865893657,0.5680647467311548
2021-11-08,17064.0,20316.0,17512.0,467.3,80.41,0,1.9,0,10.12,AUS_PARADIP_PANAMAX,Panamax,synthetic_public_proxy,19804.0,23517.0,24523.0,26284.0,26280.0,31739.0,24876.0,23520.0,26013.0,31371.0,30845.0,40508.0,458.2,444.1,476.8,512.8,482.4,536.5,11.03,12.71,13.54,13.61,11.4,15.55,21227.0,3438.178490615828,25166.0,3486.738199625435,461.59999999999997,13.920488497179146,481.5083333333334,19.646765097285076,11.85,1.555742052312488,12.160833333333334,1.1160682476145218,-9220.0,-14675.0,-45.49999999999994,9.074192799999999,0.6700000000000017,-2.3301138696648915,45,11,-0.7485107481711011,0.6631226582407952
2021-11-15,14889.0,15973.0,14578.0,479.2,80.38,1,2.9,0,9.9,AUS_PARADIP_PANAMAX,Panamax,synthetic_public_proxy,17064.0,19804.0,23517.0,24523.0,26622.0,28138.0,20316.0,24876.0,23520.0,26013.0,27848.0,33420.0,467.3,458.2,444.1,476.8,492.0,501.3,10.12,11.03,12.71,13.54,13.0,11.04,18818.5,3722.2910955485463,24061.916666666668,4430.13154859749,462.2,14.81688226315159,479.6666666666667,18.632490358771605,10.94,1.2773670837573723,12.065833333333332,1.2594548483973274,-9634.0,-13249.0,2.3999999999999773,7.9740072,0.6899999999999977,-2.315490585719681,46,11,-0.6631226582407955,0.7485107481711007
2021-11-22,13359.0,17631.0,14400.0,492.9,80.4,1,1.6,0,11.36,AUS_PARADIP_PANAMAX,Panamax,synthetic_public_proxy,14889.0,17064.0,19804.0,23517.0,26820.0,28622.0,15973.0,20316.0,24876.0,23520.0,32018.0,34150.0,479.2,467.3,458.2,444.1,469.9,492.8,9.9,10.12,11.03,12.71,12.09,12.7,16279.0,2798.830112743536,22790.0,5136.602361306733,474.4,15.03484840850609,479.67499999999995,18.638919447806998,10.6025,0.7030587931793577,11.954166666666666,1.2575189015990222,-10158.0,-15263.0,48.799999999999955,7.1348088,0.07000000000000739,-2.206417372915329,47,11,-0.5680647467311559,0.8229838658936564
2021-11-29,13409.0,14549.0,13195.0,512.9,81.25,0,1.4,0,10.32,AUS_PARADIP_PANAMAX,Panamax,synthetic_public_proxy,13359.0,14889.0,17064.0,19804.0,27421.0,26897.0,17631.0,15973.0,20316.0,24876.0,26724.0,25056.0,492.9,479.2,467.3,458.2,499.8,480.7,11.36,9.9,10.12,11.03,13.07,11.62,14680.25,1740.46150488886,21666.0,5610.1103700049,488.075,19.5782830367413,482.3583333333333,20.971732417854298,10.425,0.6465034158199139,11.845833333333333,1.3420774827471762,-6395.0,-13488.0,54.69999999999999,6.584651099999999,0.8799999999999955,-1.945251450039393,48,11,-0.4647231720437684,0.88545602565321
2021-12-06,7546.0,8677.0,7621.0,552.4,80.13,0,4.8,0,10.06,AUS_PARADIP_PANAMAX,Panamax,synthetic_public_proxy,13409.0,13359.0,14889.0,17064.0,26284.0,26280.0,14549.0,17631.0,15973.0,20316.0,31371.0,30845.0,512.9,492.9,479.2,467.3,512.8,482.4,10.32,11.36,9.9,10.12,13.61,11.4,12300.75,3248.322477320665,20104.833333333332,6708.51040007236,509.35,31.861837151469196,488.19166666666666,29.132064756376572,10.41,0.6565566743753477,11.734166666666667,1.4350702126208132,-9518.0,-18734.0,85.09999999999997,6.8774761,-0.28000000000000114,-2.3159090222975514,49,12,-0.35460488704253595,0.9350162426854147
2021-12-13,7458.0,8942.0,7679.0,534.8,79.19,0,1.2,0,7.89,AUS_PARADIP_PANAMAX,Panamax,synthetic_public_proxy,7546.0,13409.0,13359.0,14889.0,24523.0,26622.0,8677.0,14549.0,17631.0,15973.0,26013.0,27848.0,552.4,512.9,492.9,479.2,476.8,492.0,10.06,10.32,11.36,9.9,13.54,13.0,10443.0,3396.2256501396755,18507.833333333332,7273.296449507923,523.25,25.89317799472936,491.7583333333334,32.10866375106272,9.9075,1.4575636063880102,11.308333333333335,1.7491028003123923,-7431.0,-19164.0,55.599999999999966,4.1684104,-1.1899999999999977,-2.0293796559766077,50,12,-0.2393156642875578,0.970941817426052
2021-12-20,8434.0,9212.0,8324.0,517.5,78.96,0,3.3,0,7.36,AUS_PARADIP_PANAMAX,Panamax,synthetic_public_proxy,7458.0,7546.0,13409.0,13359.0,23517.0,26820.0,8942.0,8677.0,14549.0,17631.0,23520.0,32018.0,534.8,552.4,512.9,492.9,444.1,469.9,7.89,10.06,10.32,11.36,12.71,12.09,9211.75,2832.6762816578002,16975.666666666668,7299.6191722997755,529.4,18.00018518423448,495.72499999999997,32.10304785870344,8.9075,1.5003860614300244,10.914166666666667,2.0619252183482955,-4925.0,-18386.0,24.600000000000023,3.9885383999999995,-1.440000000000012,-1.7261434624256673,51,12,-0.12053668025532363,0.992708874098054
2021-12-27,8314.0,9822.0,8502.0,504.0,79.0,0,1.4,0,7.66,AUS_PARADIP_PANAMAX,Panamax,synthetic_public_proxy,8434.0,7458.0,7546.0,13409.0,19804.0,27421.0,9212.0,8942.0,8677.0,14549.0,24876.0,26724.0,517.5,534.8,552.4,512.9,458.2,499.8,7.36,7.89,10.06,10.32,11.03,13.07,7938.0,507.1015677356908,15383.416666666666,6886.252450397571,527.175,21.01687813798078,496.07500000000005,32.17432982985072,8.2425,1.2309447591180422,10.463333333333333,2.137752997609395,-5095.0,-19107.0,-8.899999999999977,4.364595,-2.25,-1.576923777719021,52,12,6.432490598706546e-16,1.0
2022-01-03,8949.0,9601.0,8762.0,527.3,79.36,0,1.2,0,8.05,AUS_PARADIP_PANAMAX,Panamax,synthetic_public_proxy,8314.0,8434.0,7458.0,7546.0,17064.0,26284.0,9822.0,9212.0,8942.0,8677.0,20316.0,31371.0,504.0,517.5,534.8,552.4,467.3,512.8,7.66,7.36,7.89,10.06,10.12,13.61,8288.75,618.5495803355852,13938.833333333334,6172.978871785949,520.9,13.308393341549625,497.2833333333333,33.11799382739747,7.74,0.29966648127573636,10.0,1.9912627332241626,1403.0,-17335.0,-25.100000000000023,4.190256,-0.769999999999996,-1.3904402334304427,1,1,0.12053668025532305,0.992708874098054
2022-01-10,8403.0,9541.0,8438.0,577.4,79.61,0,1.3,0,7.69,AUS_PARADIP_PANAMAX,Panamax,synthetic_public_proxy,8949.0,8314.0,8434.0,7458.0,14889.0,24523.0,9601.0,9822.0,9212.0,8942.0,15973.0,26013.0,527.3,504.0,517.5,534.8,479.2,476.8,8.05,7.66,7.36,7.89,9.9,13.54,8525.0,287.2060816440502,12595.5,5360.874106134077,531.55,32.02441776728189,505.6666666666667,39.56647647448634,7.69,0.2824889378368327,9.512500000000001,1.7469200169025056,945.0,-16120.0,42.60000000000002,4.718807699999999,0.4200000000000017,-1.3429037414039946,2,1,0.23931566428755774,0.970941817426052
2022-01-17,8385.0,11002.0,9013.0,578.8,79.45,0,1.2,0,8.01,AUS_PARADIP_PANAMAX,Panamax,synthetic_public_proxy,8403.0,8949.0,8314.0,8434.0,13359.0,23517.0,9541.0,9601.0,9822.0,9212.0,17631.0,23520.0,577.4,527.3,504.0,517.5,492.9,444.1,7.69,8.05,7.66,7.36,11.36,12.71,8512.75,293.36027338410275,11334.5,4215.7322129032145,546.875,37.29355395596843,516.8916666666665,39.61931251602486,7.8525,0.2059732992408967,9.120833333333332,1.469746164437555,-49.0,-15132.0,61.299999999999955,4.8518922,0.4900000000000091,-1.2586838765548216,3,1,0.3546048870425356,0.9350162426854148
2022-01-24,7883.0,7764.0,7441.0,523.3,79.96,0,2.4,0,7.98,AUS_PARADIP_PANAMAX,Panamax,synthetic_public_proxy,8385.0,8403.0,8949.0,8314.0,13409.0,19804.0,11002.0,9541.0,9601.0,9822.0,14549.0,24876.0,578.8,577.4,527.3,504.0,512.9,458.2,8.01,7.69,8.05,7.66,10.32,11.03,8405.0,435.4400073488832,10341.083333333334,3355.24394068687,551.7,30.53315138228275,522.3166666666666,35.04513539924671,7.9325,0.16418993067028323,8.866666666666665,1.369905991023672,-431.0,-11921.0,19.299999999999955,4.853238,0.9599999999999937,-1.2371997660616618,4,1,0.4647231720437685,0.8854560256532099
2022-01-31,7803.0,6409.0,6855.0,495.7,80.48,0,1.1,0,6.66,AUS_PARADIP_PANAMAX,Panamax,synthetic_public_proxy,7883.0,8385.0,8403.0,8949.0,7546.0,17064.0,7764.0,11002.0,9541.0,9601.0,8677.0,20316.0,523.3,578.8,577.4,527.3,552.4,467.3,7.98,8.01,7.69,8.05,10.06,10.12,8118.5,319.8765386832791,9569.333333333334,2661.704215974079,543.8,41.181792093109124,524.6833333333333,31.800767095760563,7.585,0.6333245613429049,8.578333333333333,1.4442351441213734,-1146.0,-9261.0,-31.599999999999966,4.125173899999999,1.1200000000000045,-1.170758322670332,5,1,0.5680647467311558,0.8229838658936564
2022-02-07,8490.0,11908.0,9433.0,492.4,80.58,0,1.0,0,6.99,AUS_PARADIP_PANAMAX,Panamax,synthetic_public_proxy,7803.0,7883.0,8385.0,8403.0,7458.0,14889.0,6409.0,7764.0,11002.0,9541.0,8942.0,15973.0,495.7,523.3,578.8,577.4,534.8,479.2,6.66,7.98,8.01,7.69,7.89,9.9,8140.25,347.43956308974845,9036.083333333334,2075.510953885297,522.55,39.97736859774636,525.7833333333333,30.276208281071256,7.41,0.6889121859861277,8.335833333333333,1.4464467958875893,87.0,-6399.0,-85.0,3.8679471000000003,0.9699999999999989,-1.0277040373811905,6,2,0.6631226582407952,0.7485107481711011
2022-02-14,7497.0,11263.0,8629.0,362.7,81.06,0,1.9,0,6.04,AUS_PARADIP_PANAMAX,Panamax,synthetic_public_proxy,8490.0,7803.0,7883.0,8385.0,8434.0,13359.0,11908.0,6409.0,7764.0,11002.0,9212.0,17631.0,492.4,495.7,523.3,578.8,517.5,492.9,6.99,6.66,7.98,8.01,7.36,11.36,7918.25,415.8824954238822,8547.583333333334,1601.2150192524757,468.525,71.89744432175671,514.9333333333333,55.74725975056524,6.9175,0.8104474073005548,7.892499999999999,1.235130651904033,-888.0,-5862.0,-216.09999999999997,4.180476,1.6099999999999994,-1.0682689040684108,7,2,0.7485107481711011,0.6631226582407953
2022-02-21,7910.0,8954.0,7932.0,363.6,81.21,0,1.5,0,6.51,AUS_PARADIP_PANAMAX,Panamax,synthetic_public_proxy,7497.0,8490.0,7803.0,7883.0,8314.0,13409.0,11263.0,11908.0,6409.0,7764.0,9822.0,14549.0,362.7,492.4,495.7,523.3,504.0,512.9,6.04,6.99,6.66,7.98,7.66,10.32,7925.0,415.3384162342744,8089.333333333333,472.51826964940017,428.6,75.58805020195628,502.4916666666666,70.85544129144976,6.55,0.39471508712005876,7.575,1.0264634785161315,27.0,-5499.0,-159.69999999999993,2.7191619,1.25,-0.9478635846659487,8,2,0.8229838658936564,0.5680647467311559
2022-02-28,8197.0,7398.0,7468.0,372.6,80.94,0,1.0,0,6.09,AUS_PARADIP_PANAMAX,Panamax,synthetic_public_proxy,7910.0,7497.0,8490.0,7803.0,8949.0,7546.0,8954.0,11263.0,11908.0,6409.0,9601.0,8677.0,363.6,362.7,492.4,495.7,527.3,552.4,6.51,6.04,6.99,6.66,8.05,10.06,8023.5,423.40248778988297,8143.583333333333,440.77131946344997,397.825,63.208247088494275,487.50833333333327,77.99325679865302,6.4075,0.4418427322025307,7.2441666666666675,0.7571772739871407,394.0,651.0,-123.09999999999997,2.876076,0.45999999999999375,-0.8495106028440054,9,2,0.8854560256532099,0.4647231720437686
2022-03-07,7937.0,8980.0,7957.0,374.7,81.29,0,2.0,0,6.0,AUS_PARADIP_PANAMAX,Panamax,synthetic_public_proxy,8197.0,7910.0,7497.0,8490.0,8403.0,7458.0,7398.0,8954.0,11263.0,11908.0,9541.0,8942.0,372.6,363.6,362.7,492.4,577.4,534.8,6.09,6.51,6.04,6.99,7.69,7.89,7885.25,289.37677285273264,8183.5,392.034901044927,368.40000000000003,6.133514490091331,474.1666666666666,82.71838680215875,6.16,0.23622023622077765,7.086666666666667,0.8056429767960397,-553.0,479.0,-117.69999999999999,3.0542022,0.710000000000008,-0.8174962035097447,10,3,0.9350162426854148,0.35460488704253557
2022-03-14,7188.0,8097.0,7192.0,403.2,81.35,0,2.2,0,6.0,AUS_PARADIP_PANAMAX,Panamax,synthetic_public_proxy,7937.0,8197.0,7910.0,7497.0,8385.0,8434.0,8980.0,7398.0,8954.0,11263.0,11002.0,9212.0,374.7,372.6,363.6,362.7,578.8,517.5,6.0,6.09,6.51,6.04,8.01,7.36,7808.0,433.11507323881267,8079.666666666667,475.72897810308893,378.525,17.140084597228636,464.64166666666665,83.84803850184034,6.1499999999999995,0.24372115213948936,6.973333333333334,0.8576747988639062,-309.0,-1246.0,40.5,2.9739939,0.28999999999999204,-0.8487821928552558,11,3,0.970941817426052,0.23931566428755804
2022-03-21,7379.0,8796.0,7577.0,396.2,81.36,0,1.6,0,6.0,AUS_PARADIP_PANAMAX,Panamax,synthetic_public_proxy,7188.0,7937.0,8197.0,7910.0,7883.0,8314.0,8097.0,8980.0,7398.0,8954.0,7764.0,9822.0,403.2,374.7,372.6,363.6,523.3,504.0,6.0,6.0,6.09,6.51,7.98,7.66,7675.25,471.1378955960368,8001.75,509.2479526455467,386.675,15.333052533665631,455.6583333333333,85.01454911134977,6.0225,0.0450000000022425,6.835000000000001,0.8706267335035689,-531.0,-935.0,32.599999999999966,2.8982016,0.15000000000000568,-0.7654103946105766,12,3,0.992708874098054,0.120536680255323
2022-03-28,7212.0,7147.0,6825.0,386.2,82.09,0,1.7,0,6.09,AUS_PARADIP_PANAMAX,Panamax,synthetic_public_proxy,7379.0,7188.0,7937.0,8197.0,7803.0,8949.0,8796.0,8097.0,8980.0,7398.0,6409.0,9601.0,396.2,403.2,374.7,372.6,495.7,527.3,6.0,6.0,6.0,6.09,6.66,8.05,7429.0,349.1580348972778,7857.0,460.00592881659446,390.075,12.398756658101462,443.90000000000003,83.95617904597638,6.0225,0.0450000000022425,6.671666666666667,0.8032075847765721,-985.0,-1737.0,13.599999999999966,2.9235597999999996,1.1500000000000057,-0.7360210885012661,13,3,1.0,-1.6081226496766366e-16
2022-04-04,7499.0,8741.0,7621.0,403.1,80.89,0,2.1,0,6.36,AUS_PARADIP_PANAMAX,Panamax,synthetic_public_proxy,7212.0,7379.0,7188.0,7937.0,8490.0,8403.0,7147.0,8796.0,8097.0,8980.0,11908.0,9541.0,386.2,396.2,403.2,374.7,492.4,577.4,6.09,6.0,6.0,6.0,6.99,7.69,7319.5,146.7526263251485,7781.666666666667,435.8488756727618,397.17499999999995,8.016805265616235,429.375,73.14103592624106,6.112500000000001,0.17036725037459774,6.560833333333334,0.7391205872010569,-438.0,-904.0,28.400000000000034,2.7852744,-0.4000000000000057,-0.6483239532825213,14,4,0.992708874098054,-0.12053668025532288
2022-04-11,7654.0,9748.0,8109.0,379.5,80.21,0,2.2,0,6.0,AUS_PARADIP_PANAMAX,Panamax,synthetic_public_proxy,7499.0,7212.0,7379.0,7188.0,7497.0,8385.0,8741.0,7147.0,8796.0,8097.0,11263.0,11002.0,403.1,386.2,396.2,403.2,362.7,578.8,6.36,6.09,6.0,6.0,6.04,8.01,7436.0,187.00980366457273,7720.75,392.81782152807546,391.25,10.464065494195605,412.7666666666667,56.9651940515732,6.112500000000001,0.17036725037459774,6.3933333333333335,0.5944490701228273,466.0,-731.0,-23.69999999999999,3.0228469000000002,-1.1400000000000006,-0.5799536144566556,15,4,0.9709418174260521,-0.2393156642875575
2022-04-18,8859.0,8261.0,8177.0,394.8,79.66,0,2.6,0,6.47,AUS_PARADIP_PANAMAX,Panamax,synthetic_public_proxy,7654.0,7499.0,7212.0,7379.0,7910.0,7883.0,9748.0,8741.0,7147.0,8796.0,8954.0,7764.0,379.5,403.1,386.2,396.2,363.6,523.3,6.0,6.36,6.09,6.0,6.51,7.98,7806.0,725.4878818193051,7802.083333333333,512.3272140374656,390.90000000000003,10.264826674952445,402.05833333333334,45.150786932301884,6.23,0.22135943621223722,6.267500000000001,0.3282771833239546,1480.0,976.0,-1.3999999999999773,2.904693,-1.7000000000000028,-0.27386605308845685,16,4,0.9350162426854148,-0.35460488704253545
2022-04-25,8797.0,10996.0,9237.0,403.9,79.51,0,2.0,0,6.35,AUS_PARADIP_PANAMAX,Panamax,synthetic_public_proxy,8859.0,7654.0,7499.0,7212.0,8197.0,7803.0,8261.0,9748.0,8741.0,7147.0,7398.0,6409.0,394.8,379.5,403.1,386.2,372.6,495.7,6.47,6.0,6.36,6.09,6.09,6.66,8202.25,725.7609225266003,7884.916666666667,587.3509804566481,395.325,11.323831801418322,394.40833333333336,34.32053343337746,6.295,0.2040424792378591,6.241666666666667,0.30602535050501284,1585.0,994.0,17.69999999999999,3.4975332000000003,-2.5799999999999983,-0.20352768884156117,17,4,0.8854560256532099,-0.4647231720437685
2022-05-02,8207.0,12164.0,9379.0,407.5,79.41,0,3.3,0,6.32,AUS_PARADIP_PANAMAX,Panamax,synthetic_public_proxy,8797.0,8859.0,7654.0,7499.0,7937.0,8490.0,10996.0,8261.0,9748.0,8741.0,8980.0,11908.0,403.9,394.8,379.5,403.1,374.7,492.4,6.35,6.47,6.0,6.36,6.0,6.99,8379.25,565.7834538643403,7861.333333333333,566.1457141919674,396.42499999999995,12.485024362550487,387.3333333333333,16.30740675740884,6.285,0.20074859899934272,6.185833333333334,0.19974794723462044,708.0,-283.0,4.399999999999977,3.5531083,-1.480000000000004,-0.3183537501363255,18,5,0.8229838658936565,-0.5680647467311557
2022-05-09,8453.0,9506.0,8452.0,448.2,78.72,0,4.1,0,7.55,AUS_PARADIP_PANAMAX,Panamax,synthetic_public_proxy,8207.0,8797.0,8859.0,7654.0,7188.0,7497.0,12164.0,10996.0,8261.0,9748.0,8097.0,11263.0,407.5,403.9,394.8,379.5,403.2,362.7,6.32,6.35,6.47,6.0,6.0,6.04,8579.0,305.605410074269,7941.0,577.3686391340487,413.59999999999997,23.677696960081928,394.4583333333333,22.18518991388662,6.6725,0.5885787967640312,6.311666666666667,0.43574040089243027,799.0,956.0,68.69999999999999,3.3443525,-1.4899999999999949,-0.12235806448597242,19,5,0.7485107481711013,-0.663122658240795
2022-05-16,8724.0,9312.0,8523.0,438.9,78.29,0,2.7,0,7.69,AUS_PARADIP_PANAMAX,Panamax,synthetic_public_proxy,8453.0,8207.0,8797.0,8859.0,7379.0,7910.0,9506.0,12164.0,10996.0,8261.0,8796.0,8954.0,448.2,407.5,403.9,394.8,396.2,363.6,7.55,6.32,6.35,6.47,6.0,6.51,8545.25,269.72377845985716,8008.833333333333,619.6635206213388,424.625,22.22871641218784,400.7333333333333,23.285435687390038,6.9775,0.7441941950863307,6.41,0.590300385782308,-135.0,814.0,44.099999999999966,3.7886346,-1.3699999999999903,0.1718159615918311,20,5,0.6631226582407952,-0.7485107481711012
2022-05-23,9851.0,10670.0,9686.0,492.1,77.93,0,2.9,0,7.82,AUS_PARADIP_PANAMAX,Panamax,synthetic_public_proxy,8724.0,8453.0,8207.0,8797.0,7212.0,8197.0,9312.0,9506.0,12164.0,10996.0,7147.0,7398.0,438.9,448.2,407.5,403.9,386.2,372.6,7.69,7.55,6.32,6.35,6.09,6.09,8808.75,726.2067543062343,8146.666666666667,817.6466599986851,446.675,34.93273297830364,410.69166666666666,33.48091609296708,7.345000000000001,0.6921704992270236,6.554166666666666,0.705130011652834,1054.0,1654.0,88.20000000000005,3.8289636,-1.5799999999999983,1.2594918957145855,21,5,0.5680647467311558,-0.8229838658936564
2022-05-30,10615.0,12837.0,10973.0,488.7,79.12,0,2.7,0,7.44,AUS_PARADIP_PANAMAX,Panamax,synthetic_public_proxy,9851.0,8724.0,8453.0,8207.0,7499.0,7937.0,10670.0,9312.0,9506.0,12164.0,8741.0,8980.0,492.1,438.9,448.2,407.5,403.1,374.7,7.82,7.69,7.55,6.32,6.36,6.0,9410.75,1005.4764625125055,8369.833333333334,1078.9336346039631,466.975,27.349268728800084,420.19166666666666,38.1832771185922,7.625,0.16542873591625723,6.674166666666667,0.7245118523824253,2408.0,2678.0,81.19999999999999,4.8476771,-0.28999999999999204,3.0148113268674943,22,5,0.46472317204376906,-0.8854560256532096
2022-06-06,10976.0,10116.0,10083.0,460.7,80.01,0,3.4,0,7.13,AUS_PARADIP_PANAMAX,Panamax,synthetic_public_proxy,10615.0,9851.0,8724.0,8453.0,7654.0,7188.0,12837.0,10670.0,9312.0,9506.0,9748.0,8097.0,488.7,492.1,438.9,448.2,379.5,403.2,7.44,7.82,7.69,7.55,6.0,6.0,10041.5,995.7056124511209,8685.5,1243.3351409528257,470.1,25.111484756317925,424.9833333333333,39.44417996781511,7.5200000000000005,0.3040833219149839,6.7683333333333335,0.7020079426298095,2523.0,3788.0,12.5,5.1875505,1.2900000000000063,2.7675897084586456,23,6,0.35460488704253584,-0.9350162426854147
2022-06-13,12383.0,14721.0,12699.0,466.2,79.83,1,3.8,0,9.69,AUS_PARADIP_PANAMAX,Panamax,synthetic_public_proxy,10976.0,10615.0,9851.0,8724.0,8859.0,7379.0,10116.0,12837.0,10670.0,9312.0,8261.0,8796.0,460.7,488.7,492.1,438.9,394.8,396.2,7.13,7.44,7.82,7.69,6.47,6.0,10956.25,1060.5084865289837,9102.5,1563.2891025599527,476.92499999999995,15.781925315587596,430.81666666666666,39.973032576142934,8.02,1.1485352991238509,7.075833333333333,1.0545180573766912,3659.0,5004.0,27.30000000000001,5.0566432,1.539999999999992,3.1571972146219465,24,6,0.23931566428755768,-0.970941817426052
2022-06-20,11246.0,12416.0,11152.0,445.2,79.68,0,3.6,0,8.1,AUS_PARADIP_PANAMAX,Panamax,synthetic_public_proxy,12383.0,10976.0,10615.0,9851.0,8797.0,7212.0,14721.0,10116.0,12837.0,10670.0,10996.0,7147.0,466.2,460.7,488.7,492.1,403.9,386.2,9.69,7.13,7.44,7.82,6.35,6.09,11305.0,763.7421030688278,9438.666666666666,1553.50356721,465.2,18.013883534655214,435.73333333333335,37.540798008987025,8.09,1.1407892005099713,7.243333333333332,1.0432670130921582,1395.0,4034.0,-46.900000000000034,5.772954599999999,1.75,1.957457091188925,25,6,0.12053668025532308,-0.992708874098054
2022-06-27,10713.0,14496.0,11691.0,433.3,79.16,1,3.3,0,8.21,AUS_PARADIP_PANAMAX,Panamax,synthetic_public_proxy,11246.0,12383.0,10976.0,10615.0,8207.0,7499.0,12416.0,14721.0,10116.0,12837.0,12164.0,8741.0,445.2,466.2,460.7,488.7,407.5,403.1,8.1,9.69,7.13,7.44,6.32,6.36,11329.5,735.2706984505746,9706.5,1463.1196123355207,451.34999999999997,14.961840350264248,438.25,36.14039542974358,8.2825,1.0563892906185253,7.3975,1.037541894006382,98.0,3214.0,-55.39999999999998,5.0067192,0.03999999999999204,1.4243514760126956,26,6,-3.216245299353273e-16,-1.0
2022-07-04,9992.0,10573.0,9725.0,603.9,78.28,0,3.3,0,8.65,AUS_PARADIP_PANAMAX,Panamax,synthetic_public_proxy,10713.0,11246.0,12383.0,10976.0,8453.0,7654.0,14496.0,12416.0,14721.0,10116.0,9506.0,9748.0,433.3,445.2,466.2,460.7,448.2,379.5,8.21,8.1,9.69,7.13,7.55,6.0,11083.5,1007.2651090949174,9901.333333333334,1312.9128845529222,487.15,79.01284705666609,456.95,55.726189371050864,8.6625,0.7250459755538545,7.618333333333332,0.9941632693178569,-984.0,2338.0,143.2,4.6419429,-1.730000000000004,0.8619868727299136,27,7,-0.12053668025532283,-0.992708874098054
2022-07-11,9757.0,13485.0,10760.0,620.0,78.26,0,5.2,0,7.64,AUS_PARADIP_PANAMAX,Panamax,synthetic_public_proxy,9992.0,10713.0,11246.0,12383.0,8724.0,8859.0,10573.0,14496.0,12416.0,14721.0,9312.0,8261.0,603.9,433.3,445.2,466.2,438.9,394.8,8.65,8.21,8.1,9.69,7.69,6.47,10427.0,680.8528964957577,9976.166666666666,1273.089144442681,525.6,100.04282416378874,475.7166666666667,69.1874375530092,8.15,0.4148091930838142,7.715833333333332,0.9263659038840695,-2626.0,898.0,153.8,6.0341688,-1.5699999999999932,0.653096132215868,28,7,-0.23931566428755743,-0.9709418174260521
2022-07-18,8812.0,8683.0,8320.0,598.6,77.83,0,3.4,0,8.13,AUS_PARADIP_PANAMAX,Panamax,synthetic_public_proxy,9757.0,9992.0,10713.0,11246.0,9851.0,8797.0,13485.0,10573.0,14496.0,12416.0,10670.0,10996.0,620.0,603.9,433.3,445.2,492.1,403.9,7.64,8.65,8.21,8.1,7.82,6.35,9818.5,784.656400385967,9977.416666666666,1271.8328548228687,563.95,87.57406389260878,491.94166666666666,73.5091764009878,8.157499999999999,0.4138739743772795,7.864166666666667,0.8247143674502981,-2434.0,15.0,153.40000000000003,6.04934,-1.8500000000000085,-0.025062936613714493,29,7,-0.3546048870425356,-0.9350162426854148
2022-07-25,9387.0,11694.0,9840.0,627.1,77.83,0,3.4,0,9.79,AUS_PARADIP_PANAMAX,Panamax,synthetic_public_proxy,8812.0,9757.0,9992.0,10713.0,10615.0,8207.0,8683.0,13485.0,10573.0,14496.0,12837.0,12164.0,598.6,620.0,603.9,433.3,488.7,407.5,8.13,7.64,8.65,8.21,7.44,6.32,9487.0,514.3118379608457,10075.75,1163.5107629306085,612.4000000000001,13.373356596856786,510.2416666666666,77.78658985073248,8.552499999999998,0.9223294783681383,8.153333333333332,0.8422192905256229,-1326.0,1180.0,193.8,5.2748632,-1.3299999999999983,0.34293945897316785,30,7,-0.46472317204376806,-0.8854560256532101
2022-08-01,9312.0,11323.0,9651.0,660.2,77.13,0,3.0,0,9.93,AUS_PARADIP_PANAMAX,Panamax,synthetic_public_proxy,9387.0,8812.0,9757.0,9992.0,10976.0,8453.0,11694.0,8683.0,13485.0,10573.0,10116.0,9506.0,627.1,598.6,620.0,603.9,460.7,448.2,9.79,8.13,7.64,8.65,7.13,7.55,9317.0,388.82301029302494,10147.333333333334,1077.8698127947318,626.475,25.53890822516396,527.9083333333333,86.05034951419525,8.872499999999999,1.1590908793821302,8.351666666666667,0.9593163601169448,-680.0,859.0,56.30000000000007,5.8865877,-1.1500000000000057,0.2511352979000378,31,8,-0.5680647467311556,-0.8229838658936566
2022-08-08,8363.0,8645.0,8058.0,702.1,76.83,0,5.3,0,11.24,AUS_PARADIP_PANAMAX,Panamax,synthetic_public_proxy,9312.0,9387.0,8812.0,9757.0,12383.0,8724.0,11323.0,11694.0,8683.0,13485.0,14721.0,9312.0,660.2,627.1,598.6,620.0,466.2,438.9,9.93,9.79,8.13,7.64,9.69,7.69,8968.5,477.58315157327667,10117.25,1125.2047995409146,647.0,44.530214461643865,549.8416666666667,94.43549465913308,9.772499999999999,1.2749477113461687,8.647499999999999,1.2423447406197654,-1394.0,-361.0,82.10000000000002,6.1477824000000005,-1.4300000000000068,-0.42830797915979585,32,8,-0.663122658240795,-0.7485107481711013
2022-08-15,7822.0,9370.0,8050.0,710.2,76.94,1,3.8,0,10.5,AUS_PARADIP_PANAMAX,Panamax,synthetic_public_proxy,8363.0,9312.0,9387.0,8812.0,11246.0,9851.0,8645.0,11323.0,11694.0,8683.0,12416.0,10670.0,702.1,660.2,627.1,598.6,445.2,492.1,11.24,9.93,9.79,8.13,8.1,7.82,8721.0,759.2105548967711,9948.166666666666,1306.666740105448,674.9000000000001,38.67324656658623,568.0166666666667,102.91895163700707,10.365,0.6592167069081535,8.870833333333334,1.3186112414433369,-990.0,-2029.0,111.60000000000002,5.8716623,-0.8900000000000006,-0.8337855007635071,33,8,-0.7485107481711011,-0.6631226582407952
2022-08-22,8160.0,10813.0,8813.0,747.8,77.16,0,4.0,0,10.24,AUS_PARADIP_PANAMAX,Panamax,synthetic_public_proxy,7822.0,8363.0,9312.0,9387.0,10713.0,10615.0,9370.0,8645.0,11323.0,11694.0,14496.0,12837.0,710.2,702.1,660.2,627.1,433.3,488.7,10.5,11.24,9.93,9.79,8.21,7.44,8414.25,638.7447977609393,9743.583333333334,1382.7436138040891,705.0749999999999,35.93655288606968,589.6083333333333,111.58035391047952,10.4775,0.5591883999752045,9.104166666666666,1.2898235138846803,-1227.0,-2455.0,120.69999999999993,5.555184400000001,-0.6700000000000017,-0.598453615854492,34,8,-0.8229838658936564,-0.5680647467311559
2022-08-29,8861.0,9930.0,8846.0,666.8,77.4,0,4.0,0,8.95,AUS_PARADIP_PANAMAX,Panamax,synthetic_public_proxy,8160.0,7822.0,8363.0,9312.0,9992.0,10976.0,10813.0,9370.0,8645.0,11323.0,10573.0,10116.0,747.8,710.2,702.1,660.2,603.9,460.7,10.24,10.5,11.24,9.93,8.65,7.13,8301.5,434.65120115635614,9567.333333333334,1345.6702509319566,706.725,33.23967258161976,606.7833333333334,105.63804267689757,10.2325,0.9541968699732938,9.255833333333333,1.1341994239698137,-451.0,-2115.0,6.599999999999909,6.102048,0.27000000000001023,-0.10653502273286436,35,8,-0.8854560256532096,-0.4647231720437691
2022-09-05,10523.0,9467.0,9574.0,646.7,76.84,0,2.9,0,9.52,AUS_PARADIP_PANAMAX,Panamax,synthetic_public_proxy,8861.0,8160.0,7822.0,8363.0,9757.0,12383.0,9930.0,10813.0,9370.0,8645.0,13485.0,14721.0,666.8,747.8,710.2,702.1,620.0,466.2,8.95,10.24,10.5,11.24,7.64,9.69,8841.5,1201.6162726372606,9412.333333333334,1070.9440468651997,692.875,45.19936393357718,621.8249999999999,96.23267376520288,9.802499999999998,0.7034379858951079,9.241666666666667,1.1293347465198678,2160.0,-1860.0,-55.39999999999998,5.9085148,0.010000000000005116,1.0306287391589266,36,9,-0.9350162426854147,-0.3546048870425359
2022-09-12,13355.0,15254.0,13447.0,610.8,77.28,0,2.9,0,10.56,AUS_PARADIP_PANAMAX,Panamax,synthetic_public_proxy,10523.0,8861.0,8160.0,7822.0,8812.0,11246.0,9467.0,9930.0,10813.0,9370.0,8683.0,12416.0,646.7,666.8,747.8,710.2,598.6,445.2,9.52,8.95,10.24,10.5,8.13,8.1,10224.75,2310.1532957793074,9588.083333333334,1490.2032477812613,668.025,58.00864159761003,635.625,78.91761095079968,9.817499999999999,0.7236193750862162,9.446666666666667,1.126525901193899,5533.0,2109.0,-99.40000000000009,6.8052241,0.3400000000000034,2.585493493142513,37,9,-0.970941817426052,-0.23931566428755774
2022-09-19,13746.0,14169.0,13228.0,607.6,76.96,0,3.4,0,11.3,AUS_PARADIP_PANAMAX,Panamax,synthetic_public_proxy,13355.0,10523.0,8861.0,8160.0,9387.0,10713.0,15254.0,9467.0,9930.0,10813.0,11694.0,14496.0,610.8,646.7,666.8,747.8,627.1,433.3,10.56,9.52,8.95,10.24,9.79,8.21,11621.25,2334.2082704848763,9840.833333333334,1899.378024193371,632.975,28.6829072213167,650.15,48.45444908740157,10.0825,1.0502817082415705,9.704166666666667,1.1704502500657192,5586.0,3033.0,-140.19999999999993,8.157233999999999,-0.20000000000000284,2.41410725469672,38,9,-0.992708874098054,-0.12053668025532357
2022-09-26,12631.0,14227.0,12638.0,583.4,77.3,0,3.2,0,10.87,AUS_PARADIP_PANAMAX,Panamax,synthetic_public_proxy,13746.0,13355.0,10523.0,8861.0,9312.0,9992.0,14169.0,15254.0,9467.0,9930.0,11323.0,10573.0,607.6,610.8,646.7,666.8,660.2,603.9,11.3,10.56,9.52,8.95,9.93,8.65,12563.75,1436.7758755862594,10060.75,2064.105006358337,612.125,26.094619496491575,648.4416666666667,50.54939003918137,10.5625,0.7583479852065451,9.889166666666666,1.164110728358304,3770.0,2639.0,-83.39999999999998,8.3520696,-0.10000000000000853,1.6188665040760108,39,9,-1.0,-1.8369701987210297e-16
2022-10-03,10629.0,11979.0,10638.0,572.5,77.34,0,2.0,0,10.11,AUS_PARADIP_PANAMAX,Panamax,synthetic_public_proxy,12631.0,13746.0,13355.0,10523.0,8363.0,9757.0,14227.0,14169.0,15254.0,9467.0,8645.0,13485.0,583.4,607.6,610.8,646.7,702.1,620.0,10.87,11.3,10.56,9.52,11.24,7.64,12590.25,1386.694240511102,10133.416666666666,2067.785440704305,593.575,18.628718868099504,644.4833333333333,54.67078051778847,10.71,0.5020624131189517,10.095,0.9238407969893563,106.0,872.0,-74.20000000000005,7.368925399999999,0.5,0.42072721805696395,40,10,-0.992708874098054,0.1205366802553232
2022-10-10,10912.0,10116.0,10048.0,622.5,76.75,0,2.3,0,10.16,AUS_PARADIP_PANAMAX,Panamax,synthetic_public_proxy,10629.0,12631.0,13746.0,13355.0,7822.0,8812.0,11979.0,14227.0,14169.0,15254.0,9370.0,8683.0,572.5,583.4,607.6,610.8,710.2,598.6,10.11,10.87,11.3,10.56,10.5,8.13,11979.5,1472.9088000732866,10308.416666666666,2034.3784602914423,596.5,22.70697396542932,646.475,53.26453920164515,10.61,0.5762522595763298,10.264166666666666,0.6867506935938427,-2443.0,2100.0,11.700000000000045,6.0851025,-0.5300000000000011,0.5309045485569712,41,10,-0.9709418174260521,0.23931566428755738
2022-10-17,10264.0,9449.0,9425.0,607.2,76.65,1,3.6,0,11.7,AUS_PARADIP_PANAMAX,Panamax,synthetic_public_proxy,10912.0,10629.0,12631.0,13746.0,8160.0,9387.0,10116.0,11979.0,14227.0,14169.0,10813.0,11694.0,622.5,572.5,583.4,607.6,747.8,627.1,10.16,10.11,10.87,11.3,10.24,9.79,11109.0,1048.7640344710505,10381.5,2013.9180041087898,596.4,22.64258524697843,644.8166666666667,54.223742423630256,10.709999999999999,0.7456987774341756,10.423333333333334,0.7816455059487026,-3482.0,877.0,-0.39999999999997726,6.79272,-0.30999999999998806,0.10371606480980991,42,10,-0.9350162426854148,0.35460488704253557
2022-10-24,9990.0,12116.0,10341.0,610.0,76.87,0,2.5,0,9.25,AUS_PARADIP_PANAMAX,Panamax,synthetic_public_proxy,10264.0,10912.0,10629.0,12631.0,8861.0,9312.0,9449.0,10116.0,11979.0,14227.0,9930.0,11323.0,607.2,622.5,572.5,583.4,666.8,660.2,11.7,10.16,10.11,10.87,8.95,9.93,10448.75,404.8352545583548,10438.0,1990.560862032444,603.05,21.425296575154995,640.6333333333333,54.86173253707593,10.305,1.0194933382160116,10.366666666666665,0.8429098229923986,-2641.0,678.0,26.600000000000023,6.232300800000001,-0.4299999999999926,-0.0947971974032524,43,10,-0.8854560256532101,0.464723172043768
2022-10-31,9583.0,10553.0,9492.0,592.6,77.21,1,2.5,0,10.16,AUS_PARADIP_PANAMAX,Panamax,synthetic_public_proxy,9990.0,10264.0,10912.0,10629.0,10523.0,8363.0,12116.0,9449.0,10116.0,11979.0,9467.0,8645.0,610.0,607.2,622.5,572.5,646.7,702.1,9.25,11.7,10.16,10.11,9.52,11.24,10187.25,558.3245024177198,10539.666666666666,1904.2303304789436,608.075,12.275008486080386,631.5083333333333,52.77548429360175,10.317499999999999,1.0166079218001534,10.276666666666666,0.7976252632697693,-1046.0,1220.0,20.100000000000023,6.0939,-0.13000000000000966,-0.39312730251043065,44,10,-0.822983865893657,0.5680647467311548
2022-11-07,9561.0,7216.0,8145.0,585.0,77.19,0,1.6,0,8.23,AUS_PARADIP_PANAMAX,Panamax,synthetic_public_proxy,9583.0,9990.0,10264.0,10912.0,13355.0,7822.0,10553.0,12116.0,9449.0,10116.0,15254.0,9370.0,592.6,610.0,607.2,622.5,610.8,710.2,10.16,9.25,11.7,10.16,10.56,10.5,9849.5,339.51190455317993,10684.583333333334,1737.477034947652,598.7,11.900140055198909,621.075,47.96036479124255,9.835,1.4721979033631414,10.0875,0.9866299389151674,-1351.0,1739.0,-37.5,5.6788858,0.4399999999999977,-0.4446136419675196,45,11,-0.7485107481711011,0.6631226582407952
2022-11-14,10508.0,12775.0,10889.0,575.3,77.95,0,3.4,0,10.1,AUS_PARADIP_PANAMAX,Panamax,synthetic_public_proxy,9561.0,9583.0,9990.0,10264.0,13746.0,8160.0,7216.0,10553.0,12116.0,9449.0,14169.0,10813.0,585.0,592.6,610.0,607.2,607.6,747.8,8.23,10.16,9.25,11.7,11.3,10.24,9910.5,444.4970941037307,10880.25,1549.349606946809,590.725,14.671372351170374,606.6999999999999,28.378288756146826,9.435,0.9044519519208852,10.075833333333334,0.9854898028469204,244.0,2348.0,-31.90000000000009,5.593185,1.2999999999999972,0.13568592495630008,46,11,-0.6631226582407955,0.7485107481711007
2022-11-21,10697.0,12212.0,10768.0,559.2,78.46,1,2.6,0,10.83,AUS_PARADIP_PANAMAX,Panamax,synthetic_public_proxy,10508.0,9561.0,9583.0,9990.0,12631.0,8861.0,12775.0,7216.0,10553.0,12116.0,14227.0,9930.0,575.3,585.0,592.6,610.0,583.4,666.8,10.1,8.23,10.16,9.25,10.87,8.95,10087.25,600.0090971532522,11033.25,1416.8026824190658,578.0250000000001,14.40934303383364,597.7333333333333,24.379623881554114,9.83,1.1168109359541707,10.2325,0.9385590987350184,707.0,1836.0,-50.799999999999955,6.0452524,1.5899999999999892,0.24087987173590916,47,11,-0.5680647467311559,0.8229838658936564
2022-11-28,10611.0,10478.0,10027.0,590.9,78.37,0,1.8,0,9.14,AUS_PARADIP_PANAMAX,Panamax,synthetic_public_proxy,10697.0,10508.0,9561.0,9583.0,10629.0,10523.0,12212.0,12775.0,7216.0,10553.0,11979.0,9467.0,559.2,575.3,585.0,592.6,572.5,646.7,10.83,10.1,8.23,10.16,10.11,9.52,10344.25,527.851857374138,11040.583333333334,1414.1468008107197,577.6,13.850391089545331,593.0833333333334,18.895686536798713,9.575,1.1326811849178178,10.200833333333334,0.9706460672556687,1028.0,88.0,-1.7000000000000455,5.9817624,1.1600000000000108,0.18322114181979396,48,11,-0.4647231720437684,0.88545602565321
2022-12-05,9815.0,9336.0,9133.0,637.4,78.76,0,1.2,0,8.17,AUS_PARADIP_PANAMAX,Panamax,synthetic_public_proxy,10611.0,10697.0,10508.0,9561.0,10912.0,13355.0,10478.0,12212.0,12775.0,7216.0,10116.0,15254.0,590.9,559.2,575.3,585.0,622.5,610.8,9.14,10.83,10.1,8.23,10.16,10.56,10407.75,402.6490407290125,10745.583333333334,1246.783239769641,590.7,33.716168228314764,595.3000000000001,22.39853891338742,9.56,1.1565754046610328,10.001666666666667,1.1234268462111756,254.0,-3540.0,52.39999999999998,6.2700398999999996,1.5700000000000074,-0.3220011982166646,49,12,-0.35460488704253595,0.9350162426854147
2022-12-12,8654.0,11164.0,9225.0,640.2,79.72,0,1.1,0,9.01,AUS_PARADIP_PANAMAX,Panamax,synthetic_public_proxy,9815.0,10611.0,10697.0,10508.0,10264.0,13746.0,9336.0,10478.0,12212.0,12775.0,9449.0,14169.0,637.4,590.9,559.2,575.3,607.2,607.6,8.17,9.14,10.83,10.1,11.7,11.3,9944.25,947.3891755767501,10321.25,968.1598407667684,606.925,39.0317285465729,598.0166666666667,25.751957854371334,9.2875,1.114581386291209,9.810833333333333,1.0763444728536193,-1854.0,-5092.0,64.90000000000009,6.256081,1.769999999999996,-1.0274484519867562,50,12,-0.2393156642875578,0.970941817426052
2022-12-19,8433.0,10030.0,8650.0,652.0,80.68,0,1.2,0,10.36,AUS_PARADIP_PANAMAX,Panamax,synthetic_public_proxy,8654.0,9815.0,10611.0,10697.0,9990.0,12631.0,11164.0,9336.0,10478.0,12212.0,12116.0,14227.0,640.2,637.4,590.9,559.2,610.0,583.4,9.01,8.17,9.14,10.83,9.25,10.87,9378.25,1021.1853814725943,9971.416666666666,801.8507521906455,630.125,26.90444510980828,603.7333333333333,29.546860572604846,9.17,0.9023303164585385,9.768333333333333,1.0401820936157764,-2264.0,-4198.0,92.79999999999995,5.540290800000001,2.220000000000013,-1.09017463247737,51,12,-0.12053668025532363,0.992708874098054
2022-12-26,8516.0,12659.0,9747.0,607.9,80.1,0,1.0,0,9.22,AUS_PARADIP_PANAMAX,Panamax,synthetic_public_proxy,8433.0,8654.0,9815.0,10611.0,9583.0,10629.0,10030.0,11164.0,9336.0,10478.0,10553.0,11979.0,652.0,640.2,637.4,590.9,592.6,572.5,10.36,9.01,8.17,9.14,10.16,10.11,8854.5,646.7882188166345,9795.333333333334,873.1535669720337,634.375,18.74964444107371,606.6833333333333,27.864276032006615,9.19,0.9023303164585385,9.694166666666666,1.0453225542502922,-2095.0,-2113.0,17.0,5.498316,1.7299999999999898,-0.9618485553703349,52,12,6.432490598706546e-16,1.0
2023-01-02,9946.0,12356.0,10413.0,600.3,79.68,0,0.9,0,8.82,AUS_PARADIP_PANAMAX,Panamax,synthetic_public_proxy,8516.0,8433.0,8654.0,9815.0,9561.0,10912.0,12659.0,10030.0,11164.0,9336.0,7216.0,10116.0,607.9,652.0,640.2,637.4,585.0,622.5,9.22,10.36,9.01,8.17,8.23,10.16,8887.25,711.6943983667859,9714.833333333334,802.5165909741164,625.1,24.91652731287717,604.8333333333334,27.45261482274578,9.3525,0.6912488698002808,9.5825,1.062468181341799,131.0,-966.0,-37.10000000000002,5.176876399999999,0.9200000000000017,-0.006467482334906375,1,1,0.12053668025532305,0.992708874098054
2023-01-09,10126.0,12608.0,10613.0,624.5,80.41,0,0.8,0,9.29,AUS_PARADIP_PANAMAX,Panamax,synthetic_public_proxy,9946.0,8516.0,8433.0,8654.0,10508.0,10264.0,12356.0,12659.0,10030.0,11164.0,12775.0,9449.0,600.3,607.9,652.0,640.2,575.3,607.2,8.82,9.22,10.36,9.01,10.1,11.7,9255.25,905.1568464452232,9703.333333333334,794.8841348772958,621.175,22.89998180494227,606.275,28.03624683090831,9.4225,0.6584008404208124,9.381666666666666,0.827645437187378,1472.0,-138.0,-15.700000000000045,5.9705838,0.6899999999999977,0.10418723968363476,2,1,0.23931566428755774,0.970941817426052
2023-01-16,11028.0,12406.0,11028.0,645.7,79.92,0,1.8,0,9.97,AUS_PARADIP_PANAMAX,Panamax,synthetic_public_proxy,10126.0,9946.0,8516.0,8433.0,10697.0,9990.0,12608.0,12356.0,12659.0,10030.0,12212.0,12116.0,624.5,600.3,607.9,652.0,559.2,610.0,9.29,8.82,9.22,10.36,10.83,9.25,9904.0,1039.3857160201217,9789.833333333334,880.7551339966408,619.6,20.12129883150408,609.25,30.2723846554455,9.325,0.4772490614624958,9.441666666666668,0.8431847994720505,2595.0,1038.0,-6.2999999999999545,6.323687,-0.7600000000000051,0.6516613277651844,3,1,0.3546048870425356,0.9350162426854148
2023-01-23,10633.0,13900.0,11408.0,644.9,79.31,0,0.8,0,9.92,AUS_PARADIP_PANAMAX,Panamax,synthetic_public_proxy,11028.0,10126.0,9946.0,8516.0,10611.0,9583.0,12406.0,12608.0,12356.0,12659.0,10478.0,10553.0,645.7,624.5,600.3,607.9,590.9,592.6,9.97,9.29,8.82,9.22,9.14,10.16,10433.25,491.7461235230986,9877.333333333334,910.0100232552785,628.8499999999999,21.41300228054635,613.6083333333332,31.401142374509572,9.5,0.5488776427099512,9.421666666666667,0.8272938725237046,2117.0,1050.0,37.0,7.1207796000000005,-0.789999999999992,0.3555304806730256,4,1,0.4647231720437685,0.8854560256532099
2023-01-30,9718.0,12043.0,10162.0,666.2,79.1,1,0.8,0,10.27,AUS_PARADIP_PANAMAX,Panamax,synthetic_public_proxy,10633.0,11028.0,10126.0,9946.0,9815.0,9561.0,13900.0,12406.0,12608.0,12356.0,9336.0,7216.0,644.9,645.7,624.5,600.3,637.4,585.0,9.92,9.97,9.29,8.82,8.17,8.23,10376.25,573.4738442161024,9890.416666666666,906.1691050629161,645.325,17.027110735530243,620.375,33.36348371280377,9.8625,0.4117746147269151,9.591666666666667,0.7676035119221812,-228.0,157.0,65.90000000000009,6.8572217,-0.5800000000000125,-0.2699612486537276,5,1,0.5680647467311558,0.8229838658936564
2023-02-06,9072.0,11738.0,9685.0,673.5,79.33,0,1.9,0,9.09,AUS_PARADIP_PANAMAX,Panamax,synthetic_public_proxy,9718.0,10633.0,11028.0,10126.0,8654.0,10508.0,12043.0,13900.0,12406.0,12608.0,11164.0,12775.0,666.2,644.9,645.7,624.5,640.2,575.3,10.27,9.92,9.97,9.29,9.01,10.1,10112.75,884.5584114875218,9770.75,911.9969223437502,657.575,14.487552128177855,628.5583333333334,33.34564053102319,9.8125,0.5058573580238132,9.507499999999999,0.7621515597308158,-1054.0,-1436.0,49.0,6.474131600000001,-1.0799999999999983,-0.7371642606831148,6,2,0.6631226582407952,0.7485107481711011
2023-02-13,8657.0,9188.0,8437.0,704.9,79.31,0,1.3,0,9.3,AUS_PARADIP_PANAMAX,Panamax,synthetic_public_proxy,9072.0,9718.0,10633.0,11028.0,8433.0,10697.0,11738.0,12043.0,13900.0,12406.0,10030.0,12212.0,673.5,666.2,644.9,645.7,652.0,559.2,9.09,10.27,9.92,9.97,10.36,10.83,9520.0,860.8999167537773,9600.75,913.7745022213832,672.375,24.847182938916806,640.6999999999999,32.30491096918921,9.645,0.5456800039096465,9.38,0.6387914725907524,-2371.0,-2040.0,59.19999999999993,6.109992,-0.6099999999999994,-1.0771718681235154,7,2,0.7485107481711011,0.6631226582407953
2023-02-20,10399.0,10896.0,10078.0,703.1,79.03,0,1.6,0,10.54,AUS_PARADIP_PANAMAX,Panamax,synthetic_public_proxy,8657.0,9072.0,9718.0,10633.0,8516.0,10611.0,9188.0,11738.0,12043.0,13900.0,12659.0,10478.0,704.9,673.5,666.2,644.9,607.9,590.9,9.3,9.09,10.27,9.92,9.22,9.14,9461.5,762.3710819979079,9583.083333333334,894.309023094772,686.925,19.9540096221284,650.0500000000001,32.81397983675916,9.799999999999999,0.7124137374682625,9.496666666666666,0.7143507329716162,-234.0,-212.0,58.200000000000045,6.1023193,-0.28000000000000114,0.09981012282782205,8,2,0.8229838658936564,0.5680647467311559
2023-02-27,9793.0,10369.0,9534.0,679.1,78.74,0,1.8,0,9.75,AUS_PARADIP_PANAMAX,Panamax,synthetic_public_proxy,10399.0,8657.0,9072.0,9718.0,9946.0,9815.0,10896.0,9188.0,11738.0,12043.0,12356.0,9336.0,703.1,704.9,673.5,666.2,600.3,637.4,10.54,9.3,9.09,10.27,8.82,8.17,9480.25,771.6481819240299,9581.25,893.8127854620295,690.1500000000001,16.171889190814774,653.525,33.55226926345274,9.67,0.6420280367711094,9.628333333333332,0.5807022916394132,75.0,-22.0,12.899999999999977,7.3115369,-0.35999999999999943,-0.38281184777102045,9,2,0.8854560256532099,0.4647231720437686
2023-03-06,10558.0,13170.0,11075.0,680.4,78.43,0,1.7,0,10.17,AUS_PARADIP_PANAMAX,Panamax,synthetic_public_proxy,9793.0,10399.0,8657.0,9072.0,10126.0,8654.0,10369.0,10896.0,9188.0,11738.0,12608.0,11164.0,679.1,703.1,704.9,673.5,624.5,640.2,9.75,10.54,9.3,9.09,9.29,9.01,9851.75,862.0036252823963,9739.916666666666,883.1792218341784,691.875,14.030057020553805,656.875,34.10324231453072,9.94,0.5349766350039645,9.725,0.5647445118250175,1486.0,1904.0,6.899999999999977,6.6504262999999995,-0.8999999999999915,0.19375016119068245,10,3,0.9350162426854148,0.35460488704253557
2023-03-13,9873.0,13676.0,10901.0,578.9,78.05,0,2.1,0,10.61,AUS_PARADIP_PANAMAX,Panamax,synthetic_public_proxy,10558.0,9793.0,10399.0,8657.0,11028.0,8433.0,13170.0,10369.0,10896.0,9188.0,12406.0,10030.0,680.4,679.1,703.1,704.9,645.7,652.0,10.17,9.75,10.54,9.3,9.97,10.36,10155.75,379.69757702676213,9859.916666666666,781.4288146882428,660.375,55.42330286080046,650.7833333333333,40.90385252656669,10.2675,0.3953374086357533,9.745833333333334,0.5941450440199318,1216.0,1440.0,-126.0,7.1836632,-1.2600000000000051,-0.2515032528451801,11,3,0.970941817426052,0.23931566428755804
2023-03-20,10720.0,12172.0,10765.0,587.0,79.17,0,1.8,0,9.89,AUS_PARADIP_PANAMAX,Panamax,synthetic_public_proxy,9873.0,10558.0,9793.0,10399.0,10633.0,8516.0,13676.0,13170.0,10369.0,10896.0,13900.0,12659.0,578.9,680.4,679.1,703.1,644.9,607.9,10.61,10.17,9.75,10.54,9.92,9.22,10236.0,471.15390266875005,10043.583333333334,690.5709703950299,631.35,55.987766520910895,649.0416666666666,43.27219258964256,10.105,0.37925365302591163,9.801666666666668,0.5712797966502219,321.0,2204.0,-116.10000000000002,5.7154797,0.14000000000000057,0.7229137132211056,12,3,0.992708874098054,0.120536680255323
2023-03-27,11106.0,11683.0,10782.0,486.1,79.34,0,3.3,0,9.53,AUS_PARADIP_PANAMAX,Panamax,synthetic_public_proxy,10720.0,9873.0,10558.0,9793.0,9718.0,9946.0,12172.0,13676.0,13170.0,10369.0,12043.0,12356.0,587.0,578.9,680.4,679.1,666.2,600.3,9.89,10.61,10.17,9.75,10.27,8.82,10564.25,514.9811485222808,10140.25,753.9498566645185,583.1,79.39172920819098,639.525,63.018570495312694,10.05,0.456070170039836,9.860833333333334,0.4915736943427801,1313.0,1160.0,-193.0,6.29264,0.6000000000000085,1.4019129125532146,13,3,1.0,-1.6081226496766366e-16
2023-04-03,11001.0,13263.0,11356.0,448.3,79.79,0,2.8,0,8.52,AUS_PARADIP_PANAMAX,Panamax,synthetic_public_proxy,11106.0,10720.0,9873.0,10558.0,9072.0,10126.0,11683.0,12172.0,13676.0,13170.0,11738.0,12608.0,486.1,587.0,578.9,680.4,673.5,624.5,9.53,9.89,10.61,10.17,9.09,9.29,10675.0,558.9472247001447,10213.166666666666,793.7099118968031,525.075,68.66655542062256,624.8416666666667,83.90405189406765,9.6375,0.8698419396649959,9.796666666666667,0.6090728174609418,443.0,875.0,-232.09999999999997,5.398626600000001,1.3599999999999994,1.2283206404853002,14,4,0.992708874098054,-0.12053668025532288
2023-04-10,11004.0,11948.0,10831.0,463.2,79.58,0,2.2,0,9.09,AUS_PARADIP_PANAMAX,Panamax,synthetic_public_proxy,11001.0,11106.0,10720.0,9873.0,8657.0,11028.0,13263.0,11683.0,12172.0,13676.0,9188.0,12406.0,448.3,486.1,587.0,578.9,704.9,645.7,8.52,9.53,9.89,10.61,9.3,9.97,10957.75,165.84405325483914,10211.166666666666,791.4971812202458,496.15,62.53012607269225,609.6333333333333,95.51593235336873,9.2575,0.5905576460714855,9.723333333333334,0.6385684747697858,1131.0,-24.0,-115.69999999999999,4.9317483,1.5300000000000011,1.2211607110554452,15,4,0.9709418174260521,-0.2393156642875575
2023-04-17,10478.0,13593.0,11200.0,478.2,79.51,0,2.4,0,9.5,AUS_PARADIP_PANAMAX,Panamax,synthetic_public_proxy,11004.0,11001.0,11106.0,10720.0,10399.0,10633.0,11948.0,13263.0,11683.0,12172.0,10896.0,13900.0,463.2,448.3,486.1,587.0,703.1,644.9,9.09,8.52,9.53,9.89,10.54,9.92,10897.25,283.72918425850014,10198.25,785.2272543091577,468.95,16.724931489649702,595.7416666666667,101.83385272396424,9.16,0.47152235719368957,9.688333333333334,0.6383192893463498,-242.0,-155.0,-108.80000000000001,5.0970528,0.3400000000000034,0.562103442313555,16,4,0.9350162426854148,-0.35460488704253545
2023-04-24,10918.0,9132.0,9658.0,454.0,79.2,0,2.1,0,9.85,AUS_PARADIP_PANAMAX,Panamax,synthetic_public_proxy,10478.0,11004.0,11001.0,11106.0,9793.0,9718.0,13593.0,11948.0,13263.0,11683.0,10369.0,12043.0,478.2,463.2,448.3,486.1,679.1,666.2,9.5,9.09,8.52,9.53,9.75,10.27,10850.25,251.34620877717762,10298.25,794.8584922664371,460.925,13.050510845690363,578.0583333333333,106.79010388551352,9.239999999999998,0.5717225434306635,9.653333333333332,0.6146001410132019,-188.0,1200.0,-32.10000000000002,5.0105796,-0.14000000000000057,1.0329580595968308,17,4,0.8854560256532099,-0.4647231720437685
2023-05-01,10568.0,10424.0,9982.0,442.2,77.97,1,3.2,0,10.39,AUS_PARADIP_PANAMAX,Panamax,synthetic_public_proxy,10918.0,10478.0,11004.0,11001.0,10558.0,9072.0,9132.0,13593.0,11948.0,13263.0,13170.0,11738.0,454.0,478.2,463.2,448.3,680.4,673.5,9.85,9.5,9.09,8.52,10.17,9.09,10742.0,257.93539242736847,10422.916666666666,696.2480564148086,459.4,15.197368193215235,558.7833333333333,108.851632412141,9.7075,0.5509007775151786,9.761666666666667,0.6208181307881278,-433.0,1496.0,-6.100000000000023,4.956772,-1.8200000000000074,0.5690616756142957,18,5,0.8229838658936565,-0.5680647467311557
2023-05-08,9630.0,10277.0,9407.0,478.7,77.37,0,2.7,0,7.69,AUS_PARADIP_PANAMAX,Panamax,synthetic_public_proxy,10568.0,10918.0,10478.0,11004.0,9873.0,8657.0,10424.0,9132.0,13593.0,11948.0,13676.0,9188.0,442.2,454.0,478.2,463.2,578.9,704.9,10.39,9.85,9.5,9.09,10.61,9.3,10398.5,546.3585513805567,10504.0,501.2471718359261,463.275,18.173859432349897,539.9333333333333,100.5145157615947,9.3575,1.170395232389538,9.6275,0.8582341807985883,-1374.0,973.0,15.5,4.6731696,-2.2099999999999937,-0.5566826725051635,19,5,0.7485107481711013,-0.663122658240795
2023-05-15,8771.0,7163.0,7689.0,470.2,76.58,0,3.0,0,8.6,AUS_PARADIP_PANAMAX,Panamax,synthetic_public_proxy,9630.0,10568.0,10918.0,10478.0,10720.0,10399.0,10277.0,10424.0,9132.0,13593.0,12172.0,10896.0,478.7,442.2,454.0,478.2,587.0,703.1,7.69,10.39,9.85,9.5,9.89,10.54,9971.75,967.7287412630982,10368.333333333334,709.361727616353,461.275,16.33062052301795,520.525,87.82939169466299,9.1325,1.2193543373442197,9.465833333333334,0.8534258058324243,-1707.0,-1628.0,-8.0,4.609881,-2.930000000000007,-1.446106002094581,20,5,0.6631226582407952,-0.7485107481711012
2023-05-22,9005.0,9030.0,8565.0,529.7,75.6,1,3.0,0,10.93,AUS_PARADIP_PANAMAX,Panamax,synthetic_public_proxy,8771.0,9630.0,10568.0,10918.0,11106.0,9793.0,7163.0,10277.0,10424.0,9132.0,11683.0,10369.0,470.2,478.7,442.2,454.0,486.1,679.1,8.6,7.69,10.39,9.85,9.53,9.75,9493.5,802.8742118165175,10302.666666666666,798.3539125586915,480.2,36.49885842963859,508.07500000000005,72.57105765448715,9.4025,1.5149339919614189,9.564166666666667,0.9514912538014849,-1913.0,-788.0,75.70000000000005,4.1241242,-3.6000000000000085,-1.08802287628484,21,5,0.5680647467311558,-0.8229838658936564
2023-05-29,10335.0,10285.0,9798.0,529.7,75.12,0,3.0,0,9.44,AUS_PARADIP_PANAMAX,Panamax,synthetic_public_proxy,9005.0,8771.0,9630.0,10568.0,11001.0,10558.0,9030.0,7163.0,10277.0,10424.0,13263.0,13170.0,529.7,470.2,478.7,442.2,448.3,680.4,10.93,8.6,7.69,10.39,8.52,10.17,9435.25,700.9091120347398,10284.083333333334,794.4560698808332,502.075,32.08679634990246,495.51666666666665,49.36997308510742,9.165,1.376674737668086,9.503333333333332,0.9323804659759071,-233.0,-223.0,87.50000000000006,4.7699485,-2.8499999999999943,0.43807993355678504,22,5,0.46472317204376906,-0.8854560256532096
2023-06-05,10531.0,11617.0,10439.0,540.6,75.79,0,3.2,0,9.0,AUS_PARADIP_PANAMAX,Panamax,synthetic_public_proxy,10335.0,9005.0,8771.0,9630.0,11004.0,9873.0,10285.0,9030.0,7163.0,10277.0,11948.0,13676.0,529.7,529.7,470.2,478.7,463.2,578.9,9.44,10.93,8.6,7.69,9.09,10.61,9660.5,900.6684554633079,10338.916666666666,786.1680896298918,517.5500000000001,31.98213042726773,492.32500000000005,44.48577147399327,9.4925,1.0178858809644762,9.369166666666667,0.8725767310186935,901.0,658.0,61.900000000000034,5.474449500000001,-1.5799999999999983,0.6260223875808546,23,6,0.35460488704253584,-0.9350162426854147
2023-06-12,10486.0,13822.0,11296.0,585.5,75.83,0,3.4,0,11.76,AUS_PARADIP_PANAMAX,Panamax,synthetic_public_proxy,10531.0,10335.0,9005.0,8771.0,10478.0,10720.0,11617.0,10285.0,9030.0,7163.0,13593.0,12172.0,540.6,529.7,529.7,470.2,478.2,587.0,9.0,9.44,10.93,8.6,9.5,9.89,10089.25,727.677756061473,10319.416666666666,778.7232509152088,546.375,26.58462901753687,492.20000000000005,44.196729619858736,10.282499999999999,1.2854149783890139,9.525,1.1090003688826862,1715.0,-234.0,115.30000000000001,5.6930586000000005,-0.75,0.5171263950208828,24,6,0.23931566428755768,-0.970941817426052
2023-06-19,10787.0,11981.0,10725.0,585.8,76.48,0,4.0,0,11.11,AUS_PARADIP_PANAMAX,Panamax,synthetic_public_proxy,10486.0,10531.0,10335.0,9005.0,10918.0,11106.0,13822.0,11617.0,10285.0,9030.0,9132.0,11683.0,585.5,540.6,529.7,529.7,454.0,486.1,11.76,9.0,9.44,10.93,9.85,9.53,10534.75,187.90134823002427,10292.833333333334,754.4986093532268,560.4,29.49406720003272,500.50833333333327,51.682834469365815,10.3275,1.3183670455024386,9.656666666666666,1.1997297675525223,1782.0,-319.0,56.09999999999991,6.139553,0.8800000000000097,0.8215558189311815,25,6,0.12053668025532308,-0.992708874098054
2023-06-26,12026.0,12223.0,11504.0,553.8,76.72,1,3.2,0,11.38,AUS_PARADIP_PANAMAX,Panamax,synthetic_public_proxy,10787.0,10486.0,10531.0,10335.0,10568.0,11001.0,11981.0,13822.0,11617.0,10285.0,10424.0,13263.0,585.8,585.5,540.6,529.7,442.2,448.3,11.11,11.76,9.0,9.44,10.39,8.52,10957.5,724.5635467875314,10378.25,888.142302787563,566.425,22.84416409793481,509.29999999999995,50.96258877397657,10.8125,1.2373998275955502,9.895,1.2368986142034009,1691.0,1025.0,24.09999999999991,6.3190246,1.5999999999999943,2.1939656388106403,26,6,-3.216245299353273e-16,-1.0
2023-07-03,12238.0,14109.0,12375.0,549.4,77.13,1,3.4,0,11.19,AUS_PARADIP_PANAMAX,Panamax,synthetic_public_proxy,12026.0,10787.0,10486.0,10531.0,9630.0,11004.0,12223.0,11981.0,13822.0,11617.0,10277.0,11948.0,553.8,585.8,585.5,540.6,478.7,463.2,11.38,11.11,11.76,9.0,7.69,9.09,11384.25,876.4117658574237,10481.083333333334,1027.6617287749243,568.625,19.74105282569058,516.4833333333332,49.938723057423566,11.36,0.2897125011688308,10.07,1.2609736497860116,1707.0,1234.0,8.799999999999955,6.659998799999999,1.3399999999999892,2.1247185364620553,27,7,-0.12053668025532283,-0.992708874098054
2023-07-10,11833.0,15849.0,12848.0,547.2,76.76,0,3.8,0,10.7,AUS_PARADIP_PANAMAX,Panamax,synthetic_public_proxy,12238.0,12026.0,10787.0,10486.0,8771.0,10478.0,14109.0,12223.0,11981.0,13822.0,7163.0,13593.0,549.4,553.8,585.8,585.5,470.2,478.2,11.19,11.38,11.11,11.76,8.6,9.5,11721.0,644.2602993614676,10594.0,1099.2411432028323,559.05,18.04318892731317,522.2333333333333,49.09525682206205,11.094999999999999,0.2866472861668701,10.17,1.2592421963589917,1347.0,1355.0,-38.299999999999955,6.7235572,0.9300000000000068,1.5155041570798677,28,7,-0.23931566428755743,-0.9709418174260521
2023-07-17,12935.0,13016.0,12321.0,510.1,77.06,0,3.3,0,9.44,AUS_PARADIP_PANAMAX,Panamax,synthetic_public_proxy,11833.0,12238.0,12026.0,10787.0,9005.0,10918.0,15849.0,14109.0,12223.0,11981.0,9030.0,9132.0,547.2,549.4,553.8,585.8,529.7,454.0,10.7,11.19,11.38,11.11,10.93,9.85,12258.0,480.6863149012331,10762.083333333334,1290.8039396464617,540.125,20.20385689251944,526.9083333333333,44.45932683278313,10.677499999999998,0.8733222009469521,10.135833333333332,1.2741875010683854,2148.0,2017.0,-75.69999999999993,6.4750176,0.5799999999999983,2.330852740332833,29,7,-0.3546048870425356,-0.9350162426854148
2023-07-24,13346.0,13144.0,12598.0,504.8,77.44,0,4.7,0,11.38,AUS_PARADIP_PANAMAX,Panamax,synthetic_public_proxy,12935.0,11833.0,12238.0,12026.0,10335.0,10568.0,13016.0,15849.0,14109.0,12223.0,10285.0,10424.0,510.1,547.2,549.4,553.8,529.7,442.2,9.44,10.7,11.19,11.38,9.44,10.39,12588.0,680.0730352935096,10993.583333333334,1487.0279362991407,527.875,23.70082628658237,532.125,36.59317186679385,10.6775,0.8733222009469521,10.218333333333334,1.323245550863065,1320.0,2778.0,-48.99999999999994,6.5981435,0.7199999999999989,2.3145934368180403,30,7,-0.46472317204376806,-0.8854560256532101
2023-07-31,15027.0,18953.0,15846.0,487.8,77.22,0,3.9,0,11.12,AUS_PARADIP_PANAMAX,Panamax,synthetic_public_proxy,13346.0,12935.0,11833.0,12238.0,10531.0,9630.0,13144.0,13016.0,15849.0,14109.0,11617.0,10277.0,504.8,510.1,547.2,549.4,540.6,478.7,11.38,9.44,10.7,11.19,9.0,7.69,13285.25,1325.2784298654608,11443.333333333334,1816.7293956366784,512.475,25.02816746521353,532.8833333333333,35.4621907063982,10.66,0.8602325267043566,10.504166666666666,1.074535488083861,2789.0,5397.0,-61.599999999999966,6.7370608,0.09000000000000341,2.9045393086739826,31,7,-0.5680647467311556,-0.8229838658936566
2023-08-07,15112.0,16771.0,15020.0,513.5,77.53,0,3.8,0,10.74,AUS_PARADIP_PANAMAX,Panamax,synthetic_public_proxy,15027.0,13346.0,12935.0,11833.0,10486.0,8771.0,18953.0,13144.0,13016.0,15849.0,13822.0,7163.0,487.8,504.8,510.1,547.2,585.5,470.2,11.12,11.38,9.44,10.7,11.76,8.6,14105.0,1126.811726361889,11971.75,1889.5074454376488,504.05,11.409498966509544,536.4916666666667,30.336760129445253,10.67,0.8610845874052261,10.6825,0.8918328930304229,3279.0,6341.0,-33.700000000000045,7.330170600000001,0.769999999999996,2.490141493623766,32,8,-0.663122658240795,-0.7485107481711013
2023-08-14,13576.0,17315.0,14393.0,515.3,77.83,0,3.7,0,9.93,AUS_PARADIP_PANAMAX,Panamax,synthetic_public_proxy,15112.0,15027.0,13346.0,12935.0,10787.0,9005.0,16771.0,18953.0,13144.0,13016.0,11981.0,9030.0,513.5,487.8,504.8,510.1,585.8,529.7,10.74,11.12,11.38,9.44,11.11,10.93,14265.25,934.047598715751,12352.666666666666,1686.9408748240578,505.34999999999997,12.566224572245789,535.2916666666666,30.90923540518785,10.7925,0.6322117261383474,10.599166666666667,0.9130713238429669,641.0,4571.0,5.199999999999932,7.760012,0.769999999999996,1.436484008036006,33,8,-0.7485107481711011,-0.6631226582407952
2023-08-21,12109.0,14041.0,12276.0,508.9,77.62,0,3.2,0,9.56,AUS_PARADIP_PANAMAX,Panamax,synthetic_public_proxy,13576.0,15112.0,15027.0,13346.0,12026.0,10335.0,17315.0,16771.0,18953.0,13144.0,12223.0,10285.0,515.3,513.5,487.8,504.8,553.8,529.7,9.93,10.74,11.12,11.38,11.38,9.44,13956.0,1418.824161057315,12500.5,1567.5575384540966,506.375,12.673167191621019,533.5583333333333,31.821075301336354,10.3375,0.717605973591004,10.609166666666667,0.8997823810974732,-1237.0,1774.0,4.099999999999966,6.9957128,0.18000000000000682,0.4969309958471364,34,8,-0.8229838658936564,-0.5680647467311559
2023-08-28,13814.0,17164.0,14463.0,507.5,77.14,0,3.3,0,11.09,AUS_PARADIP_PANAMAX,Panamax,synthetic_public_proxy,12109.0,13576.0,15112.0,15027.0,12238.0,10531.0,14041.0,17315.0,16771.0,18953.0,14109.0,11617.0,508.9,515.3,513.5,487.8,549.4,540.6,9.56,9.93,10.74,11.12,11.19,9.0,13652.75,1230.7811543893552,12774.083333333334,1476.4139884030233,511.29999999999995,3.698648401795955,530.8,32.580724920781336,10.33,0.7067767209900827,10.783333333333333,0.7497555157072447,-1213.0,3283.0,19.69999999999999,6.1622701,-0.0799999999999983,1.411656387414566,35,8,-0.8854560256532096,-0.4647231720437691
2023-09-04,15767.0,16024.0,15081.0,514.5,76.64,0,3.0,0,10.68,AUS_PARADIP_PANAMAX,Panamax,synthetic_public_proxy,13814.0,12109.0,13576.0,15112.0,11833.0,10486.0,17164.0,14041.0,17315.0,16771.0,15849.0,13822.0,507.5,508.9,515.3,513.5,547.2,585.5,11.09,9.56,9.93,10.74,10.7,11.76,13816.5,1503.0915917978273,13214.166666666666,1518.8490159768692,511.54999999999995,3.923858645106136,524.8833333333333,27.84707699148482,10.315,0.6957250414736365,10.693333333333333,0.6837773871309429,655.0,5281.0,1.0,7.010605,-0.8900000000000006,2.209112997274901,36,9,-0.9350162426854147,-0.3546048870425359
2023-09-11,15373.0,18552.0,15876.0,531.6,76.73,0,3.0,0,9.99,AUS_PARADIP_PANAMAX,Panamax,synthetic_public_proxy,15767.0,13814.0,12109.0,13576.0,12935.0,10787.0,16024.0,17164.0,14041.0,17315.0,13016.0,11981.0,514.5,507.5,508.9,515.3,510.1,585.8,10.68,11.09,9.56,9.93,9.44,11.11,14265.75,1666.8735954874703,13596.333333333334,1426.7806312455698,515.625,11.071096001154071,520.3666666666667,20.49285167313121,10.33,0.6852250238669726,10.6,0.6980231827356946,1797.0,4586.0,16.300000000000068,8.1121215,-1.0999999999999943,1.7884452339545591,37,9,-0.970941817426052,-0.23931566428755774
2023-09-18,14762.0,17444.0,15097.0,505.6,76.93,0,3.3,0,11.25,AUS_PARADIP_PANAMAX,Panamax,synthetic_public_proxy,15373.0,15767.0,13814.0,12109.0,13346.0,12026.0,18552.0,16024.0,17164.0,14041.0,13144.0,12223.0,531.6,514.5,507.5,508.9,504.8,553.8,9.99,10.68,11.09,9.56,11.38,11.38,14929.0,850.5868562351488,13824.333333333334,1370.5259994440207,514.8,11.835821334692838,516.35,17.904265616682373,10.7525,0.5621610089646579,10.589166666666667,0.685717385905767,2653.0,2736.0,-3.2999999999999545,8.1722868,-0.6899999999999977,1.3530184762981652,38,9,-0.992708874098054,-0.12053668025532357
2023-09-25,16456.0,16193.0,15528.0,481.3,76.62,0,2.8,0,11.14,AUS_PARADIP_PANAMAX,Panamax,synthetic_public_proxy,14762.0,15373.0,15767.0,13814.0,15027.0,12238.0,17444.0,18552.0,16024.0,17164.0,18953.0,14109.0,505.6,531.6,514.5,507.5,487.8,549.4,11.25,9.99,10.68,11.09,11.12,11.19,15589.5,710.388860648397,14175.833333333334,1464.3753141208529,508.25,20.95717856328577,510.67499999999995,17.25720534627852,10.765,0.5726255320889583,10.584999999999999,0.6818757551450637,2642.0,4218.0,-26.19999999999999,7.463667200000001,-0.519999999999996,1.927636223004879,39,9,-1.0,-1.8369701987210297e-16
2023-10-02,14872.0,13952.0,13760.0,511.6,76.68,1,2.3,0,11.36,AUS_PARADIP_PANAMAX,Panamax,synthetic_public_proxy,16456.0,14762.0,15373.0,15767.0,15112.0,11833.0,16193.0,17444.0,18552.0,16024.0,16771.0,15849.0,481.3,505.6,531.6,514.5,513.5,547.2,11.14,11.25,9.99,10.68,10.74,10.7,15365.75,773.9510643445064,14429.083333333334,1272.5957337330715,507.525,20.717685681564728,507.7083333333333,12.923161612414878,10.935,0.6363699133890841,10.64,0.7176730073331798,-895.0,3039.0,-2.8999999999999773,7.9202728,0.04000000000000625,1.1152934808731947,40,10,-0.992708874098054,0.1205366802553232
2023-10-09,13727.0,17564.0,14575.0,502.2,77.0,1,3.7,0,11.62,AUS_PARADIP_PANAMAX,Panamax,synthetic_public_proxy,14872.0,16456.0,14762.0,15373.0,13576.0,12935.0,13952.0,16193.0,17444.0,18552.0,17315.0,13016.0,511.6,481.3,505.6,531.6,515.3,510.1,11.36,11.14,11.25,9.99,9.93,9.44,14954.25,1126.2209300724828,14495.083333333334,1206.9067493040252,500.175,13.169757021301496,507.05,12.991290788971813,11.3425,0.20564937798795657,10.821666666666667,0.6598875018907527,-1646.0,792.0,-29.400000000000034,7.6085152,0.269999999999996,0.5577743527658601,41,10,-0.9709418174260521,0.23931566428755738
2023-10-16,14374.0,15485.0,14100.0,469.4,77.33,1,3.4,0,11.54,AUS_PARADIP_PANAMAX,Panamax,synthetic_public_proxy,13727.0,14872.0,16456.0,14762.0,12109.0,13346.0,17564.0,13952.0,16193.0,17444.0,14041.0,13144.0,502.2,511.6,481.3,505.6,508.9,504.8,11.62,11.36,11.14,11.25,9.56,11.38,14857.25,1164.3617350291079,14580.75,1153.2194559739328,491.125,19.23874129632177,504.09999999999997,16.96129283237108,11.415,0.21315096371703446,10.834999999999999,0.6736670340215376,-388.0,1028.0,-36.200000000000045,6.893699399999999,0.3999999999999915,0.7833188374065642,42,10,-0.9350162426854148,0.35460488704253557
2023-10-23,13827.0,14072.0,13234.0,483.4,78.1,0,2.2,0,10.25,AUS_PARADIP_PANAMAX,Panamax,synthetic_public_proxy,14374.0,13727.0,14872.0,16456.0,13814.0,15027.0,15485.0,17564.0,13952.0,16193.0,17164.0,18953.0,469.4,502.2,511.6,481.3,507.5,487.8,11.54,11.62,11.36,11.14,11.09,11.12,14200.0,530.6342117378615,14480.75,1162.9924665590859,491.65,18.907053357591085,503.73333333333335,17.387891990657636,11.192499999999999,0.6376715455468948,10.762500000000001,0.6868918798075561,-2629.0,-1200.0,2.099999999999966,6.747155599999999,1.4799999999999898,0.4910183673114231,43,10,-0.8854560256532101,0.464723172043768
2023-10-30,13743.0,15612.0,13803.0,497.5,78.74,1,2.6,0,10.31,AUS_PARADIP_PANAMAX,Panamax,synthetic_public_proxy,13827.0,14374.0,13727.0,14872.0,15767.0,15112.0,14072.0,15485.0,17564.0,13952.0,16024.0,16771.0,483.4,469.4,502.2,511.6,514.5,513.5,10.25,11.54,11.62,11.36,10.68,10.74,13917.75,307.31240890445946,14366.666666666666,1162.5866406294913,488.125,14.820565666222054,502.40000000000003,17.18313126295636,10.93,0.7516648189187544,10.726666666666667,0.6992766825713429,-1129.0,-1369.0,-14.100000000000023,6.6839718,2.059999999999988,0.40462603472058734,44,10,-0.822983865893657,0.5680647467311548
2023-11-06,13491.0,17760.0,14524.0,462.6,78.3,0,1.5,0,8.8,AUS_PARADIP_PANAMAX,Panamax,synthetic_public_proxy,13743.0,13827.0,14374.0,13727.0,15373.0,13576.0,15612.0,14072.0,15485.0,17564.0,18552.0,17315.0,497.5,483.4,469.4,502.2,531.6,515.3,10.31,10.25,11.54,11.62,9.99,9.93,13858.75,371.98958318748,14359.583333333334,1168.0878281374626,478.225,15.495456323284325,498.00833333333327,20.07723533726362,10.225000000000001,1.1206694427886217,10.6325,0.8712491032994549,-236.0,-85.0,-39.599999999999966,6.8371425,1.2999999999999972,0.2309377827553315,45,11,-0.7485107481711011,0.6631226582407952
2023-11-13,13796.0,11273.0,12097.0,471.7,79.13,0,1.6,0,9.71,AUS_PARADIP_PANAMAX,Panamax,synthetic_public_proxy,13491.0,13743.0,13827.0,14374.0,14762.0,12109.0,17760.0,15612.0,14072.0,15485.0,17444.0,14041.0,462.6,497.5,483.4,469.4,505.6,508.9,8.8,10.31,10.25,11.54,11.25,9.56,13714.25,152.82097369142454,14500.166666666666,954.6088045358827,478.79999999999995,15.096357176489454,494.90833333333336,21.089051805631144,9.767500000000002,0.6991602105384415,10.645000000000001,0.855394645763056,-578.0,1687.0,2.3000000000000114,6.2409366,1.7999999999999972,0.31283455825284084,46,11,-0.6631226582407955,0.7485107481711007
2023-11-20,15354.0,13886.0,13999.0,492.8,78.91,0,1.6,0,10.93,AUS_PARADIP_PANAMAX,Panamax,synthetic_public_proxy,13796.0,13491.0,13743.0,13827.0,16456.0,13814.0,11273.0,17760.0,15612.0,14072.0,16193.0,17164.0,471.7,462.6,497.5,483.4,481.3,507.5,9.71,8.8,10.31,10.25,11.14,11.09,14096.0,849.1560516183084,14628.5,957.488713439528,481.15,16.697804246870568,493.68333333333334,20.71476563110245,9.9375,0.9072807356785946,10.631666666666666,0.8490511638222887,1527.0,1540.0,9.400000000000034,6.5075732,0.8100000000000023,1.1035066333987427,47,11,-0.5680647467311559,0.8229838658936564
2023-11-27,15314.0,14814.0,14348.0,504.4,79.43,0,1.9,0,8.94,AUS_PARADIP_PANAMAX,Panamax,synthetic_public_proxy,15354.0,13796.0,13491.0,13743.0,14872.0,15767.0,13886.0,11273.0,17760.0,15612.0,13952.0,16024.0,492.8,471.7,462.6,497.5,511.6,514.5,10.93,9.71,8.8,10.31,11.36,10.68,14488.75,984.0566972148143,14590.75,916.5775397445028,482.875,19.129275121310968,492.8416666666667,19.984378368812646,9.595,0.9757902780140945,10.486666666666666,0.9787221105590059,1571.0,-453.0,6.899999999999977,7.5664512,0.6900000000000119,1.019782437542939,48,11,-0.4647231720437684,0.88545602565321
2023-12-04,15967.0,20953.0,17163.0,522.1,79.49,0,2.3,1,12.02,AUS_PARADIP_PANAMAX,Panamax,synthetic_public_proxy,15314.0,15354.0,13796.0,13491.0,13727.0,15373.0,14814.0,13886.0,11273.0,17760.0,17564.0,18552.0,504.4,492.8,471.7,462.6,502.2,531.6,8.94,10.93,9.71,8.8,11.62,9.99,15107.75,924.1530807537579,14640.25,976.7294335506028,497.75,21.13646138785122,492.04999999999995,18.437733049374263,10.4,1.3556056457048367,10.655833333333332,1.0573505338889537,2476.0,594.0,59.5,7.7243816,1.1899999999999977,1.3456179088159281,49,12,-0.35460488704253595,0.9350162426854147
2023-12-11,13398.0,15740.0,13665.0,487.1,79.32,0,1.3,1,8.72,AUS_PARADIP_PANAMAX,Panamax,synthetic_public_proxy,15967.0,15314.0,15354.0,13796.0,14374.0,14762.0,20953.0,14814.0,13886.0,11273.0,15485.0,17444.0,522.1,504.4,492.8,471.7,469.4,505.6,12.02,8.94,10.93,9.71,11.54,11.25,15008.25,1114.3208320168217,14526.583333333334,1038.675945469724,501.6,15.446466694148993,490.5083333333334,17.96923928846318,10.1525,1.593138935142452,10.445,1.1739172961422466,-398.0,-1364.0,15.400000000000034,8.3363707,0.18999999999999773,-0.3975070435481419,50,12,-0.2393156642875578,0.970941817426052
2023-12-18,13287.0,16560.0,13932.0,497.8,78.49,0,2.5,1,9.87,AUS_PARADIP_PANAMAX,Panamax,synthetic_public_proxy,13398.0,15967.0,15314.0,15354.0,13827.0,16456.0,15740.0,20953.0,14814.0,13886.0,14072.0,16193.0,487.1,522.1,504.4,492.8,483.4,481.3,8.72,12.02,8.94,10.93,10.25,11.14,14491.5,1354.0272030748354,14262.5,896.6788722839846,502.84999999999997,14.680258853307718,491.8833333333334,17.83132245813665,9.8875,1.5065053379704605,10.339166666666666,1.1627589317366858,-2067.0,-3169.0,5.0,6.526165800000001,-0.4200000000000017,-0.6059198492568868,51,12,-0.12053668025532363,0.992708874098054
2023-12-25,16699.0,17414.0,16150.0,492.2,78.44,0,2.1,1,10.31,AUS_PARADIP_PANAMAX,Panamax,synthetic_public_proxy,13287.0,13398.0,15967.0,15314.0,13743.0,14872.0,16560.0,15740.0,20953.0,14814.0,15612.0,13952.0,497.8,487.1,522.1,504.4,497.5,511.6,9.87,8.72,12.02,8.94,10.31,11.36,14837.75,1752.8227472660571,14414.75,1133.427795751579,499.8,15.495590770714616,490.26666666666665,16.72642619728797,10.23,1.3687220316777837,10.251666666666667,1.1175853299399898,1385.0,1827.0,-12.199999999999989,6.614268600000001,-0.9900000000000091,1.8862856578475056,52,12,6.432490598706546e-16,1.0
2024-01-01,15690.0,16070.0,15058.0,482.6,77.75,0,1.2,1,9.43,AUS_PARADIP_PANAMAX,Panamax,synthetic_public_proxy,16699.0,13287.0,13398.0,15967.0,13491.0,13727.0,17414.0,16560.0,15740.0,20953.0,17760.0,17564.0,492.2,497.8,487.1,522.1,462.6,502.2,10.31,9.87,8.72,12.02,8.8,11.62,14768.5,1697.9502348419976,14578.333333333334,1166.3226072759091,489.92499999999995,6.5530527237411516,488.6333333333334,16.40916225956079,9.5825,0.6780056538605134,10.069166666666668,1.0506314839902826,-277.0,1963.0,-39.5,8.2192478,-1.7399999999999949,1.0401971003677544,1,1,0.12053668025532305,0.992708874098054
2024-01-08,15189.0,17944.0,15532.0,506.9,78.24,0,1.4,1,10.67,AUS_PARADIP_PANAMAX,Panamax,synthetic_public_proxy,15690.0,16699.0,13287.0,13398.0,13796.0,14374.0,16070.0,17414.0,16560.0,15740.0,11273.0,15485.0,482.6,492.2,497.8,487.1,471.7,469.4,9.43,10.31,9.87,8.72,9.71,11.54,15216.25,1431.2855235766183,14646.25,1177.0225243077198,494.875,10.181478281670428,491.7583333333334,15.978477475161084,10.07,0.5376492040976427,9.996666666666666,0.9665621678105001,1791.0,815.0,19.799999999999955,7.571994,-1.0799999999999983,0.5907856701791293,2,1,0.23931566428755774,0.970941817426052
2024-01-15,15382.0,17975.0,15650.0,547.2,78.99,0,1.3,1,10.9,AUS_PARADIP_PANAMAX,Panamax,synthetic_public_proxy,15189.0,15690.0,16699.0,13287.0,15354.0,13827.0,17944.0,16070.0,17414.0,16560.0,13886.0,14072.0,506.9,482.6,492.2,497.8,492.8,483.4,10.67,9.43,10.31,9.87,10.93,10.25,15740.0,671.8000694651107,14775.833333333334,1164.1562557832265,507.225,28.461948281874815,497.075,22.306017329207307,10.3275,0.6457231088736866,10.050833333333333,0.9996950292540521,2095.0,1555.0,49.400000000000034,7.6993041,0.5,0.695342418526401,3,1,0.3546048870425356,0.9350162426854148
2024-01-22,17211.0,20872.0,17815.0,597.5,78.65,0,1.7,1,9.42,AUS_PARADIP_PANAMAX,Panamax,synthetic_public_proxy,15382.0,15189.0,15690.0,16699.0,15314.0,13743.0,17975.0,17944.0,16070.0,17414.0,14814.0,15612.0,547.2,506.9,482.6,492.2,504.4,497.5,10.9,10.67,9.43,10.31,8.94,10.31,15868.0,918.7981279911241,15064.833333333334,1306.2401862761812,533.55,50.27275604141959,505.4083333333333,36.58714275741551,10.105,0.7908012814018635,9.976666666666667,1.0116622984280452,512.0,3468.0,105.30000000000001,8.4170304,0.21000000000000796,2.0343354222572723,4,1,0.4647231720437685,0.8854560256532099
2024-01-29,16027.0,17883.0,15968.0,633.5,78.82,0,1.3,1,12.73,AUS_PARADIP_PANAMAX,Panamax,synthetic_public_proxy,17211.0,15382.0,15189.0,15690.0,15967.0,13491.0,20872.0,17975.0,17944.0,16070.0,20953.0,17760.0,597.5,547.2,506.9,482.6,522.1,462.6,9.42,10.9,10.67,9.43,12.02,8.8,15952.25,912.4645655220412,15276.166666666666,1231.47249873958,571.2750000000001,55.62807294882728,519.65,49.42011920076852,10.93,1.3648687360573695,10.304166666666667,1.2123340248788264,337.0,2536.0,150.89999999999998,10.2835725,1.0699999999999932,1.0059974743305837,5,1,0.5680647467311558,0.8229838658936564
2024-02-05,16689.0,19929.0,17151.0,623.3,78.51,0,1.3,1,13.79,AUS_PARADIP_PANAMAX,Panamax,synthetic_public_proxy,16027.0,17211.0,15382.0,15189.0,13398.0,13796.0,17883.0,20872.0,17975.0,17944.0,15740.0,11273.0,633.5,597.5,547.2,506.9,487.1,471.7,12.73,9.42,10.9,10.67,8.72,9.71,16327.25,794.8846352354079,15517.25,1198.086362420736,600.375,38.5515563888154,532.2833333333333,55.09886706199265,11.709999999999999,1.937954247826004,10.644166666666665,1.5544099045989301,1500.0,2893.0,116.39999999999998,10.1531045,0.27000000000001023,1.4290315692162079,6,2,0.6631226582407952,0.7485107481711011
2024-02-12,15675.0,18665.0,16087.0,628.3,78.25,0,1.4,1,13.09,AUS_PARADIP_PANAMAX,Panamax,synthetic_public_proxy,16689.0,16027.0,17211.0,15382.0,13287.0,15354.0,19929.0,17883.0,20872.0,17975.0,16560.0,13886.0,623.3,633.5,597.5,547.2,497.8,492.8,13.79,12.73,9.42,10.9,9.87,10.93,16400.5,684.5911188439377,15544.0,1197.6935410121343,620.65,15.985305752471257,543.575,59.94314161997778,12.2575,1.9421873407750505,10.824166666666665,1.7079943492206873,293.0,321.0,81.09999999999991,10.4022537,-0.7399999999999949,0.5896638764078462,7,2,0.7485107481711011,0.6631226582407953
2024-02-19,14913.0,18584.0,15636.0,646.2,78.65,0,1.4,1,11.41,AUS_PARADIP_PANAMAX,Panamax,synthetic_public_proxy,15675.0,16689.0,16027.0,17211.0,16699.0,15314.0,18665.0,19929.0,17883.0,20872.0,17414.0,14814.0,628.3,623.3,633.5,597.5,492.2,504.4,13.09,13.79,12.73,9.42,10.31,8.94,15826.0,739.7161617809866,15510.583333333334,1210.2227036478087,632.825,9.841197420367267,555.3916666666667,65.25933521982365,12.754999999999999,0.9988493379885697,11.030000000000001,1.6060793595246188,-2298.0,-401.0,48.700000000000045,9.8486025,0.0,-0.10325135873708756,8,2,0.8229838658936564,0.5680647467311559
2024-02-26,15776.0,20452.0,16858.0,642.4,78.67,0,1.1,1,11.65,AUS_PARADIP_PANAMAX,Panamax,synthetic_public_proxy,14913.0,15675.0,16689.0,16027.0,15690.0,15967.0,18584.0,18665.0,19929.0,17883.0,16070.0,20953.0,646.2,628.3,623.3,633.5,482.6,522.1,11.41,13.09,13.79,12.73,9.43,12.02,15763.25,727.527490889516,15494.666666666666,1204.9186568799325,635.05,10.984382853243968,565.4166666666666,68.82302512879515,12.485,1.143372205364552,10.999166666666667,1.5888043436573125,-251.0,-191.0,8.899999999999977,9.636780600000002,-0.14999999999999147,0.5978429937102996,9,2,0.8854560256532099,0.4647231720437686
2024-03-04,16005.0,14386.0,14557.0,639.2,79.52,0,1.4,1,14.14,AUS_PARADIP_PANAMAX,Panamax,synthetic_public_proxy,15776.0,14913.0,15675.0,16689.0,15189.0,13398.0,20452.0,18584.0,18665.0,19929.0,17944.0,15740.0,642.4,646.2,628.3,623.3,506.9,487.1,11.65,11.41,13.09,13.79,10.67,8.72,15592.25,473.41129052864244,15711.916666666666,1012.1164556005017,639.025,7.701244488174239,578.0916666666667,67.07208413115661,12.572500000000002,1.2815713011768803,11.450833333333334,1.6511563900014201,-684.0,2607.0,15.900000000000091,10.1345024,1.009999999999991,0.7894189217184576,10,3,0.9350162426854148,0.35460488704253557
2024-03-11,17256.0,14495.0,15289.0,658.7,79.32,0,1.7,1,13.64,AUS_PARADIP_PANAMAX,Panamax,synthetic_public_proxy,16005.0,15776.0,14913.0,15675.0,15382.0,13287.0,14386.0,20452.0,18584.0,18665.0,17975.0,16560.0,639.2,642.4,646.2,628.3,547.2,497.8,14.14,11.65,11.41,13.09,10.9,9.87,15987.5,967.5882388702308,16042.666666666666,766.3017840529592,646.625,8.54336974891191,591.5,65.6290262834142,12.71,1.3812313347155878,11.765,1.6814090411427134,1581.0,3969.0,30.40000000000009,10.230396,1.0699999999999932,1.720316430532452,11,3,0.970941817426052,0.23931566428755804
2024-03-18,16418.0,22583.0,18063.0,648.2,79.82,1,1.6,1,14.33,AUS_PARADIP_PANAMAX,Panamax,synthetic_public_proxy,17256.0,16005.0,15776.0,14913.0,17211.0,16699.0,14495.0,14386.0,20452.0,18584.0,20872.0,17414.0,658.7,639.2,642.4,646.2,597.5,492.2,13.64,14.14,11.65,11.41,9.42,10.31,16363.75,651.4611142142932,16019.25,748.5090787087468,647.125,8.56869301585462,604.5,59.31829397411883,13.440000000000001,1.228305065256,12.1,1.7636223054735185,1505.0,-281.0,2.0,11.366527200000002,1.1699999999999875,0.9542682252866664,12,3,0.992708874098054,0.120536680255323
2024-03-25,14945.0,19751.0,16120.0,617.5,79.89,0,4.4,1,11.42,AUS_PARADIP_PANAMAX,Panamax,synthetic_public_proxy,16418.0,17256.0,16005.0,15776.0,16027.0,15690.0,22583.0,14495.0,14386.0,20452.0,17883.0,16070.0,648.2,658.7,639.2,642.4,633.5,482.6,14.33,13.64,14.14,11.65,12.73,9.43,16156.0,960.5494955145875,15957.166666666666,806.9177983745709,640.9,17.51741990134291,615.7416666666667,45.22484149091924,13.3825,1.3403078004698075,12.265833333333333,1.5729963204796489,-831.0,-745.0,-24.899999999999977,10.642147600000001,1.2199999999999989,-0.20712400687689506,13,3,1.0,-1.6081226496766366e-16
2024-04-01,14140.0,14803.0,13698.0,599.3,80.29,0,2.4,0,10.73,AUS_PARADIP_PANAMAX,Panamax,synthetic_public_proxy,14945.0,16418.0,17256.0,16005.0,16689.0,15189.0,19751.0,22583.0,14495.0,14386.0,19929.0,17944.0,617.5,648.2,658.7,639.2,623.3,506.9,11.42,14.33,13.64,14.14,13.79,10.67,15689.75,1407.1087081908997,15869.75,943.0412239135355,630.9250000000001,27.387634070871837,623.4416666666667,30.466806328835485,12.53,1.72667310166117,12.270833333333334,1.5675485106794695,-1865.0,-1049.0,-39.90000000000009,9.2285375,0.7700000000000102,-0.8437279608931976,14,4,0.992708874098054,-0.12053668025532288
2024-04-08,13873.0,12423.0,12599.0,614.1,80.1,0,2.4,0,11.78,AUS_PARADIP_PANAMAX,Panamax,synthetic_public_proxy,14140.0,14945.0,16418.0,17256.0,15675.0,15382.0,14803.0,19751.0,22583.0,14495.0,18665.0,17975.0,599.3,617.5,648.2,658.7,628.3,547.2,10.73,11.42,14.33,13.64,13.09,10.9,14844.0,1143.9892190634177,15744.0,1101.3193740403888,619.775,20.531175481853452,629.0166666666668,19.334370400606854,12.065000000000001,1.5715915499900737,12.344166666666666,1.5173688850551217,-3383.0,-1509.0,-44.60000000000002,8.474102,0.7800000000000011,-1.0739334664313085,15,4,0.9709418174260521,-0.2393156642875575
2024-04-15,13504.0,15952.0,13808.0,608.7,80.09,0,2.5,0,9.35,AUS_PARADIP_PANAMAX,Panamax,synthetic_public_proxy,13873.0,14140.0,14945.0,16418.0,14913.0,17211.0,12423.0,14803.0,19751.0,22583.0,18584.0,20872.0,614.1,599.3,617.5,648.2,646.2,597.5,11.78,10.73,11.42,14.33,11.41,9.42,14115.5,611.3943081187422,15435.083333333334,1170.1711186702883,609.9000000000001,7.941452428030653,629.95,17.891110032130538,10.82,1.0724737759032592,12.338333333333333,1.5297167493799049,-2914.0,-3707.0,-39.5,8.519409300000001,0.27000000000001023,-1.3140918283020684,16,4,0.9350162426854148,-0.35460488704253545
2024-04-22,11854.0,15132.0,12572.0,614.1,80.05,0,2.6,0,11.37,AUS_PARADIP_PANAMAX,Panamax,synthetic_public_proxy,13504.0,13873.0,14140.0,14945.0,15776.0,16027.0,15952.0,12423.0,14803.0,19751.0,20452.0,17883.0,608.7,614.1,599.3,617.5,642.4,633.5,9.35,11.78,10.73,11.42,11.65,12.73,13342.75,1026.1823668334957,15087.333333333334,1539.9213872104922,609.0500000000001,6.9806876452115105,628.3333333333334,18.41014213234968,10.8075,1.0634025578303794,12.225,1.5483275434539918,-3091.0,-4173.0,-3.3999999999999773,8.2198848,0.1599999999999966,-2.3260830869852502,17,4,0.8854560256532099,-0.4647231720437685
2024-04-29,10901.0,15173.0,12065.0,629.4,79.67,0,2.1,0,11.7,AUS_PARADIP_PANAMAX,Panamax,synthetic_public_proxy,11854.0,13504.0,13873.0,14140.0,16005.0,16689.0,15132.0,15952.0,12423.0,14803.0,14386.0,19929.0,614.1,608.7,614.1,599.3,639.2,623.3,11.37,9.35,11.78,10.73,14.14,13.79,12533.0,1397.9635188373104,14605.0,1864.8237060231472,616.575,8.920902420719402,628.8416666666667,18.342620925708133,11.05,1.147141374606255,12.050833333333335,1.471946505533271,-3239.0,-5788.0,30.100000000000023,7.2795414,-0.6200000000000045,-2.5561491992266325,18,4,0.8229838658936565,-0.5680647467311557
2024-05-06,11145.0,13334.0,11463.0,611.4,80.01,0,2.9,0,11.08,AUS_PARADIP_PANAMAX,Panamax,synthetic_public_proxy,10901.0,11854.0,13504.0,13873.0,17256.0,15675.0,15173.0,15132.0,15952.0,12423.0,14495.0,18665.0,629.4,614.1,608.7,614.1,658.7,628.3,11.7,11.37,9.35,11.78,13.64,13.09,11851.0,1173.7907252430743,14227.5,2075.1750638090825,615.9,9.266067126888213,627.4333333333333,19.02411547738693,10.875,1.047743607313765,11.883333333333333,1.4572348243620268,-2728.0,-4530.0,-2.7000000000000455,6.861089399999999,-0.0899999999999892,-2.146780648083216,19,5,0.7485107481711013,-0.663122658240795
2024-05-13,13672.0,15190.0,13596.0,629.5,80.34,0,2.6,0,13.04,AUS_PARADIP_PANAMAX,Panamax,synthetic_public_proxy,11145.0,10901.0,11854.0,13504.0,16418.0,14913.0,13334.0,15173.0,15132.0,15952.0,22583.0,18584.0,611.4,629.4,614.1,608.7,648.2,646.2,11.08,11.7,11.37,9.35,14.33,11.41,11893.0,1252.9870975659176,14124.083333333334,2068.820413065292,621.1,9.704638066408803,626.0416666666666,18.11561146602182,11.7975,0.8661937812446288,12.019166666666665,1.4848107215359039,168.0,-1241.0,20.799999999999955,6.814053,0.25,-0.6832070892684831,20,5,0.6631226582407952,-0.7485107481711012
2024-05-20,15804.0,15866.0,15039.0,635.0,80.65,0,2.6,0,12.25,AUS_PARADIP_PANAMAX,Panamax,synthetic_public_proxy,13672.0,11145.0,10901.0,11854.0,14945.0,15776.0,15190.0,13334.0,15173.0,15132.0,19751.0,20452.0,629.5,611.4,629.4,614.1,617.5,642.4,13.04,11.08,11.7,11.37,11.42,11.65,12880.5,2316.8732521798993,14126.416666666666,2070.867690709558,626.325,10.288302419089844,625.4250000000001,17.62751593905961,12.0175,0.8325212709996485,12.069166666666666,1.4813474108105917,3950.0,28.0,20.899999999999977,8.606524,0.6000000000000085,0.5336589408995784,21,5,0.5680647467311558,-0.8229838658936564
2024-05-27,14600.0,17105.0,14872.0,590.5,81.41,0,3.0,0,11.47,AUS_PARADIP_PANAMAX,Panamax,synthetic_public_proxy,15804.0,13672.0,11145.0,10901.0,14140.0,16005.0,15866.0,15190.0,13334.0,15173.0,14803.0,14386.0,635.0,629.5,611.4,629.4,599.3,639.2,12.25,13.04,11.08,11.7,10.73,14.14,13805.25,1976.6398044830175,14009.333333333334,1993.2642635242646,616.6,20.10986490920967,621.3666666666667,19.65702896876252,11.959999999999999,0.8689073598492546,11.846666666666666,1.3353537722153594,3699.0,-1405.0,-38.89999999999998,10.03554,1.7399999999999949,-0.1418784206158582,22,5,0.46472317204376906,-0.8854560256532096
2024-06-03,14156.0,16139.0,14241.0,630.6,82.13,0,5.0,0,12.2,AUS_PARADIP_PANAMAX,Panamax,synthetic_public_proxy,14600.0,15804.0,13672.0,11145.0,13873.0,17256.0,17105.0,15866.0,15190.0,13334.0,12423.0,14495.0,590.5,635.0,629.5,611.4,614.1,658.7,11.47,12.25,13.04,11.08,11.78,13.64,14558.0,913.0315803227519,13751.0,1715.8077874974497,621.4,20.736602100311824,619.025,16.169731824390517,12.24,0.6415086385494276,11.726666666666667,1.2191974508841943,3011.0,-3100.0,19.200000000000045,8.6213,2.1199999999999903,-0.3591207800355719,23,6,0.35460488704253584,-0.9350162426854147
2024-06-10,12509.0,12754.0,11982.0,608.6,81.94,0,3.4,0,10.52,AUS_PARADIP_PANAMAX,Panamax,synthetic_public_proxy,14156.0,14600.0,15804.0,13672.0,13504.0,16418.0,16139.0,17105.0,15866.0,15190.0,15952.0,22583.0,630.6,590.5,635.0,629.5,608.7,648.2,12.2,11.47,12.25,13.04,9.35,14.33,14267.25,1363.3467093883328,13425.25,1523.7596520689506,616.175,20.648224298148808,615.725,13.493710656180028,11.61,0.8094030722288673,11.409166666666666,0.9448372474889623,-1163.0,-3909.0,-20.899999999999977,8.926773599999999,1.5999999999999943,-1.2645341962422185,24,6,0.23931566428755768,-0.970941817426052
2024-06-17,11912.0,16939.0,13327.0,555.6,82.12,1,3.1,0,10.79,AUS_PARADIP_PANAMAX,Panamax,synthetic_public_proxy,12509.0,14156.0,14600.0,15804.0,11854.0,14945.0,12754.0,16139.0,17105.0,15866.0,15132.0,19751.0,608.6,630.6,590.5,635.0,614.1,617.5,10.52,12.2,11.47,12.25,11.37,11.42,13294.25,1287.7407541892876,13172.5,1500.1203891084106,596.325,31.71701698878196,610.5666666666667,21.940926197957566,11.245,0.7517313349862357,11.356666666666667,0.9615360186449646,-3892.0,-3033.0,-79.39999999999998,7.6129774,1.4699999999999989,-1.5169421117785957,25,6,0.12053668025532308,-0.992708874098054
2024-06-24,12220.0,17266.0,13627.0,525.9,81.82,0,3.2,0,11.39,AUS_PARADIP_PANAMAX,Panamax,synthetic_public_proxy,11912.0,12509.0,14156.0,14600.0,10901.0,14140.0,16939.0,12754.0,16139.0,17105.0,15173.0,14803.0,555.6,608.6,630.6,590.5,629.4,599.3,10.79,10.52,12.2,11.47,11.7,10.73,12699.25,1001.2922899932842,13012.5,1489.9046034136986,580.175,47.95959236690857,604.4499999999999,32.87440286357064,11.225,0.7447818472547432,11.411666666666667,0.941090598800992,-2380.0,-1920.0,-64.60000000000002,6.6183072,0.4099999999999966,-1.2451293221134994,26,6,-3.216245299353273e-16,-1.0
2024-07-01,13448.0,17432.0,14369.0,499.9,81.83,0,3.3,0,11.55,AUS_PARADIP_PANAMAX,Panamax,synthetic_public_proxy,12220.0,11912.0,12509.0,14156.0,11145.0,13873.0,17266.0,16939.0,12754.0,16139.0,13334.0,12423.0,525.9,555.6,608.6,630.6,611.4,614.1,11.39,10.79,10.52,12.2,11.08,11.78,12522.25,663.5632976589309,12977.083333333334,1472.5401959839621,547.5,46.65883267578326,594.9333333333333,44.35268431629119,11.0625,0.4876730462104555,11.3925,0.9352308903056575,-708.0,-425.0,-130.70000000000005,6.426498,-0.29999999999999716,-0.5343404141845105,27,7,-0.12053668025532283,-0.992708874098054
2024-07-08,12628.0,13233.0,12239.0,503.0,81.54,1,3.8,0,10.54,AUS_PARADIP_PANAMAX,Panamax,synthetic_public_proxy,13448.0,12220.0,11912.0,12509.0,13672.0,13504.0,17432.0,17266.0,16939.0,12754.0,15190.0,15952.0,499.9,525.9,555.6,608.6,629.5,608.7,11.55,11.39,10.79,10.52,13.04,9.35,12552.0,665.4361977930929,12904.083333333334,1465.7418511603735,521.1,25.757458466758102,586.125,51.3189159702698,11.0675,0.48030372335310056,11.491666666666667,0.7421202222298747,119.0,-876.0,-105.60000000000002,6.722655199999999,-0.3999999999999915,-0.9132675940470637,28,7,-0.23931566428755743,-0.9709418174260521
2024-07-15,11960.0,14441.0,12354.0,497.7,82.34,1,3.4,0,11.75,AUS_PARADIP_PANAMAX,Panamax,synthetic_public_proxy,12628.0,13448.0,12220.0,11912.0,15804.0,11854.0,13233.0,17432.0,17266.0,16939.0,15866.0,15132.0,503.0,499.9,525.9,555.6,635.0,614.1,10.54,11.55,11.39,10.79,12.25,11.37,12564.0,650.308644670612,12912.916666666666,1459.1427407486224,506.625,13.032619332535653,576.4250000000001,56.30859977917126,11.307500000000001,0.5324393549192779,11.523333333333333,0.7445600694166933,48.0,106.0,-57.900000000000034,6.351884,0.21999999999999886,-1.1733829295741907,29,7,-0.3546048870425356,-0.9350162426854148
2024-07-22,10074.0,12365.0,10487.0,491.2,82.51,1,3.7,0,10.73,AUS_PARADIP_PANAMAX,Panamax,synthetic_public_proxy,11960.0,12628.0,13448.0,12220.0,14600.0,10901.0,14441.0,13233.0,17432.0,17266.0,17105.0,15173.0,497.7,503.0,499.9,525.9,590.5,629.4,11.75,10.54,11.55,11.39,11.47,11.7,12027.5,1437.4907535934487,12844.0,1577.5331144775846,497.94999999999993,4.99766612198036,564.9083333333333,58.57597177765768,11.1425,0.5967341675041348,11.4425,0.7756419628575734,-2146.0,-827.0,-34.69999999999999,5.952492,0.6900000000000119,-1.9535124248193694,30,7,-0.46472317204376806,-0.8854560256532101
2024-07-29,10013.0,11497.0,10106.0,509.0,82.4,1,3.5,0,11.3,AUS_PARADIP_PANAMAX,Panamax,synthetic_public_proxy,10074.0,11960.0,12628.0,13448.0,14156.0,11145.0,12365.0,14441.0,13233.0,17432.0,16139.0,13334.0,491.2,497.7,503.0,499.9,630.6,611.4,10.73,11.75,10.54,11.55,12.2,11.08,11168.75,1327.8708207753723,12749.666666666666,1716.1238741756906,500.225,7.583479852072402,556.375,58.64612092883876,11.08,0.5511805511809942,11.460833333333333,0.7688652598985615,-3435.0,-1132.0,9.100000000000023,4.9483488,0.5700000000000074,-1.7819939664529314,31,7,-0.5680647467311556,-0.8229838658936566
2024-08-05,9264.0,11774.0,9805.0,519.0,82.99,1,3.6,0,10.51,AUS_PARADIP_PANAMAX,Panamax,synthetic_public_proxy,10013.0,10074.0,11960.0,12628.0,12509.0,13672.0,11497.0,12365.0,14441.0,13233.0,12754.0,15190.0,509.0,491.2,497.7,503.0,608.6,629.5,11.3,10.73,11.75,10.54,10.52,13.04,10327.75,1148.8052852130027,12382.333333333334,1955.7807245253516,504.225,12.292646853578129,547.1666666666666,54.66022874138551,11.0725,0.5610926839660129,11.25,0.6309876817700567,-3364.0,-4408.0,16.0,5.096617,1.4499999999999886,-1.9303420079471483,32,8,-0.663122658240795,-0.7485107481711013
2024-08-12,8972.0,11500.0,9535.0,527.9,81.91,0,3.5,0,9.44,AUS_PARADIP_PANAMAX,Panamax,synthetic_public_proxy,9264.0,10013.0,10074.0,11960.0,11912.0,15804.0,11774.0,11497.0,12365.0,14441.0,16939.0,15866.0,519.0,509.0,491.2,497.7,555.6,635.0,10.51,11.3,10.73,11.75,10.79,12.25,9580.75,548.0397643723745,11813.0,1861.2983249726997,511.775,15.740049766972671,538.2416666666667,47.25731224483723,10.495,0.7781388050985316,11.015833333333333,0.7384068641134062,-2988.0,-6832.0,30.19999999999999,4.808016,-0.4300000000000068,-1.8462063112916827,33,8,-0.7485107481711011,-0.6631226582407952
2024-08-19,8462.0,10843.0,8991.0,539.0,80.92,0,4.1,0,8.73,AUS_PARADIP_PANAMAX,Panamax,synthetic_public_proxy,8972.0,9264.0,10013.0,10074.0,12220.0,14600.0,11500.0,11774.0,11497.0,12365.0,17266.0,17105.0,527.9,519.0,509.0,491.2,525.9,590.5,9.44,10.51,11.3,10.73,11.39,11.47,9177.75,648.0001929012017,11301.5,1869.1512658279503,523.725,12.77898665779478,533.9499999999999,44.32771552467312,9.995000000000001,1.1367350908047238,10.7875,0.9719158680387687,-1612.0,-6138.0,47.80000000000001,4.736318799999999,-1.5900000000000034,-1.8415259193683249,34,8,-0.8229838658936564,-0.5680647467311559
2024-08-26,8517.0,10345.0,8822.0,555.3,81.32,0,3.2,0,9.18,AUS_PARADIP_PANAMAX,Panamax,synthetic_public_proxy,8462.0,8972.0,9264.0,10013.0,13448.0,14156.0,10843.0,11500.0,11774.0,11497.0,17432.0,16139.0,539.0,527.9,519.0,509.0,499.9,630.6,8.73,9.44,10.51,11.3,11.55,12.2,8803.75,382.6036896493919,10831.583333333334,1793.5845499668,535.3,15.643315931522302,527.675,33.38004643495845,9.465,0.7558879987582875,10.535833333333333,0.9638790789243117,-1496.0,-5639.0,46.299999999999955,4.561018,-1.0800000000000125,-1.652770035367536,35,8,-0.8854560256532096,-0.4647231720437691
2024-09-02,7502.0,8628.0,7577.0,498.3,81.36,0,2.8,0,7.99,AUS_PARADIP_PANAMAX,Panamax,synthetic_public_proxy,8517.0,8462.0,8972.0,9264.0,12628.0,12509.0,10345.0,10843.0,11500.0,11774.0,13233.0,12754.0,555.3,539.0,527.9,519.0,503.0,608.6,9.18,8.73,9.44,10.51,10.54,10.52,8363.25,617.9856389917124,10414.333333333334,1943.9797199343445,530.125,24.016157755424203,518.4833333333333,22.475636641132674,8.835,0.6351115387605484,10.325000000000001,1.212334337323928,-1762.0,-5007.0,-20.69999999999999,4.7294901,-1.6299999999999955,-1.8584674335354603,36,9,-0.9350162426854147,-0.3546048870425359
2024-09-09,6798.0,5669.0,6006.0,491.2,81.49,1,2.9,0,8.84,AUS_PARADIP_PANAMAX,Panamax,synthetic_public_proxy,7502.0,8517.0,8462.0,8972.0,11960.0,11912.0,8628.0,10345.0,10843.0,11500.0,14441.0,16939.0,498.3,555.3,539.0,527.9,497.7,555.6,7.99,9.18,8.73,9.44,11.75,10.79,7819.75,825.3445240221372,9988.166666666666,2136.800362195704,520.95,31.111680550345756,513.1166666666667,20.400126262235112,8.685,0.5013648039768924,10.1625,1.2734857317971853,-2174.0,-5114.0,-36.69999999999999,3.7382466,-0.4200000000000017,-1.9667837157480055,37,9,-0.970941817426052,-0.23931566428755774
2024-09-16,8245.0,9442.0,8312.0,442.4,80.85,0,3.0,0,7.41,AUS_PARADIP_PANAMAX,Panamax,synthetic_public_proxy,6798.0,7502.0,8517.0,8462.0,10074.0,12220.0,5669.0,8628.0,10345.0,10843.0,12365.0,17266.0,491.2,498.3,555.3,539.0,491.2,525.9,8.84,7.99,9.18,8.73,10.73,11.39,7765.5,774.6313101512626,9656.916666666666,2066.3077504810135,496.79999999999995,46.2429093663751,506.15833333333336,28.339226214281606,8.355,0.8045909934039644,9.830833333333333,1.43301626161768,-217.0,-3975.0,-96.60000000000002,3.3391776,-0.07000000000000739,-1.3260644243510267,38,9,-0.992708874098054,-0.12053668025532357
2024-09-23,7551.0,8616.0,7599.0,448.1,80.85,0,2.7,0,9.01,AUS_PARADIP_PANAMAX,Panamax,synthetic_public_proxy,8245.0,6798.0,7502.0,8517.0,10013.0,13448.0,9442.0,5669.0,8628.0,10345.0,11497.0,17432.0,442.4,491.2,498.3,555.3,509.0,499.9,7.41,8.84,7.99,9.18,11.3,11.55,7524.0,591.0809307249402,9165.5,1761.4713116650994,470.0,28.819553547319323,501.84166666666664,32.94931254168559,8.3125,0.7490605226994528,9.619166666666667,1.3406067712612901,-966.0,-5897.0,-107.19999999999993,3.647588,-0.46999999999999886,-1.4757358320741416,39,9,-1.0,-1.8369701987210297e-16
2024-09-30,7046.0,6936.0,6650.0,452.5,81.83,0,3.0,0,8.48,AUS_PARADIP_PANAMAX,Panamax,synthetic_public_proxy,7551.0,8245.0,6798.0,7502.0,9264.0,12628.0,8616.0,9442.0,5669.0,8628.0,11774.0,13233.0,448.1,442.4,491.2,498.3,519.0,503.0,9.01,7.41,8.84,7.99,10.51,10.54,7410.0,638.7868710819452,8700.333333333334,1478.2485541612475,458.55,22.155887103284368,497.63333333333327,35.88234139855434,8.435,0.7181689680477575,9.4475,1.3438623103171752,-456.0,-5582.0,-45.80000000000001,3.3836031,0.46999999999999886,-1.52942519137727,40,9,-0.992708874098054,0.1205366802553232
2024-10-07,8337.0,11354.0,9127.0,481.3,82.24,0,2.7,0,9.27,AUS_PARADIP_PANAMAX,Panamax,synthetic_public_proxy,7046.0,7551.0,8245.0,6798.0,8972.0,11960.0,6936.0,8616.0,9442.0,5669.0,11500.0,14441.0,452.5,448.1,442.4,491.2,527.9,497.7,8.48,9.01,7.41,8.84,9.44,11.75,7794.75,610.1368015999867,8398.416666666666,1063.875715429133,456.075,17.317500781968658,496.26666666666665,36.190564650153654,8.5425,0.8234632151266891,9.240833333333333,1.1314950554934686,1539.0,-3623.0,-9.899999999999977,3.188315,0.75,-0.9571273291365705,41,10,-0.9709418174260521,0.23931566428755738
2024-10-14,10673.0,15000.0,11870.0,513.7,82.32,0,2.2,0,8.57,AUS_PARADIP_PANAMAX,Panamax,synthetic_public_proxy,8337.0,7046.0,7551.0,8245.0,8462.0,10074.0,11354.0,6936.0,8616.0,9442.0,10843.0,12365.0,481.3,452.5,448.1,442.4,539.0,491.2,9.27,8.48,9.01,7.41,8.73,10.73,8401.75,1604.6393935502542,8448.333333333334,1159.4041050422993,473.90000000000003,30.34468652005051,498.14166666666665,36.48584927022638,8.8325,0.37241330087255453,9.060833333333333,1.04127071262463,2428.0,599.0,71.30000000000007,4.0125981,1.4699999999999989,-0.011647468378599611,42,10,-0.9350162426854148,0.35460488704253557
2024-10-21,9764.0,12528.0,10381.0,519.9,82.1,0,3.1,0,9.4,AUS_PARADIP_PANAMAX,Panamax,synthetic_public_proxy,10673.0,8337.0,7046.0,7551.0,8517.0,10013.0,15000.0,11354.0,6936.0,8616.0,10345.0,11497.0,513.7,481.3,452.5,448.1,555.3,509.0,8.57,9.27,8.48,9.01,9.18,11.3,8955.0,1595.01410652069,8427.583333333334,1130.7289248605123,491.85,31.219385003553754,499.05,36.91391706019906,8.93,0.4720875624995799,8.9025,0.7820151707434041,2213.0,-249.0,71.79999999999995,5.482720100000001,1.25,-0.34031952641874247,43,10,-0.8854560256532101,0.464723172043768
2024-10-28,9559.0,11241.0,9754.0,507.7,81.91,1,2.9,0,11.21,AUS_PARADIP_PANAMAX,Panamax,synthetic_public_proxy,9764.0,10673.0,8337.0,7046.0,7502.0,9264.0,12528.0,15000.0,11354.0,6936.0,8628.0,11774.0,519.9,513.7,481.3,452.5,498.3,519.0,9.4,8.57,9.27,8.48,7.99,10.51,9583.25,961.5877061748765,8452.166666666666,1153.5433816438763,505.65,16.980282683162358,498.10833333333335,36.500546903332925,9.6125,1.1256516631120015,8.960833333333333,0.9257278054034447,2513.0,295.0,55.19999999999999,5.076303599999999,0.0799999999999983,-0.3999208040275975,44,10,-0.822983865893657,0.5680647467311548
2024-11-04,9913.0,13282.0,10765.0,521.5,80.87,0,2.2,0,9.72,AUS_PARADIP_PANAMAX,Panamax,synthetic_public_proxy,9559.0,9764.0,10673.0,8337.0,6798.0,8972.0,11241.0,12528.0,15000.0,11354.0,5669.0,11500.0,507.7,519.9,513.7,481.3,491.2,527.9,11.21,9.4,8.57,9.27,8.84,9.44,9977.25,486.0057441361445,8530.583333333334,1222.0438511949856,515.7,6.305553108181274,497.575,36.069884819736714,9.725000000000001,1.102255263841737,8.984166666666667,0.9422840561233914,1576.0,941.0,40.19999999999999,4.8531043,-1.3699999999999903,-0.24117874727870517,45,11,-0.7485107481711011,0.6631226582407952
2024-11-11,11471.0,13181.0,11581.0,508.4,81.01,1,2.1,0,9.37,AUS_PARADIP_PANAMAX,Panamax,synthetic_public_proxy,9913.0,9559.0,9764.0,10673.0,8245.0,8462.0,13282.0,11241.0,12528.0,15000.0,9442.0,10843.0,521.5,507.7,519.9,513.7,442.4,539.0,9.72,11.21,9.4,8.57,7.41,8.73,10176.75,874.95233203491,8781.333333333334,1486.7335356618637,514.375,7.338199143302272,495.0249999999999,33.890897812619784,9.925,0.8711869298071586,9.0375,0.9446993268664513,798.0,3009.0,-5.300000000000068,5.1696295,-1.309999999999988,0.4205226281908271,46,11,-0.6631226582407955,0.7485107481711007
2024-11-18,10619.0,12767.0,10947.0,509.6,81.43,0,1.9,0,9.53,AUS_PARADIP_PANAMAX,Panamax,synthetic_public_proxy,11471.0,9913.0,9559.0,9764.0,7551.0,8517.0,13181.0,13282.0,11241.0,12528.0,8616.0,10345.0,508.4,521.5,507.7,519.9,448.1,555.3,9.37,9.72,11.21,9.4,9.01,9.18,10390.5,844.4112347270892,8956.5,1574.0246330523378,511.79999999999995,6.514087298573033,491.2166666666667,28.66711239963515,9.9575,0.847166847006435,9.066666666666666,0.9548472827282074,855.0,2102.0,-10.299999999999955,5.8318563999999995,-0.6699999999999875,0.1727788610445758,47,11,-0.5680647467311559,0.8229838658936564
2024-11-25,10464.0,10548.0,9974.0,536.7,80.67,0,1.7,0,8.29,AUS_PARADIP_PANAMAX,Panamax,synthetic_public_proxy,10619.0,11471.0,9913.0,9559.0,7046.0,7502.0,12767.0,13181.0,13282.0,11241.0,6936.0,8628.0,509.6,508.4,521.5,507.7,452.5,498.3,9.53,9.37,9.72,11.21,8.48,7.99,10616.75,645.0696990765113,9203.333333333334,1557.3565793203848,519.05,13.16877620231889,494.4166666666667,31.529952089844052,9.2275,0.641164305515213,9.091666666666667,0.9276346590151582,905.0,2962.0,29.000000000000057,5.4114424,-1.2399999999999949,0.19079661252070867,48,11,-0.4647231720437684,0.88545602565321
2024-12-02,11196.0,13724.0,11647.0,521.5,80.36,0,1.5,0,9.62,AUS_PARADIP_PANAMAX,Panamax,synthetic_public_proxy,10464.0,10619.0,11471.0,9913.0,8337.0,6798.0,10548.0,12767.0,13181.0,13282.0,11354.0,5669.0,536.7,509.6,508.4,521.5,481.3,491.2,8.29,9.53,9.37,9.72,9.27,8.84,10937.5,475.0750817853187,9569.833333333334,1453.9032000626623,519.05,13.16877620231889,496.94166666666666,32.44879766180793,9.2025,0.6170561832876087,9.156666666666666,0.9356896662437069,1283.0,4398.0,0.0,5.6160288000000005,-0.5100000000000051,0.6646196627128204,49,12,-0.35460488704253595,0.9350162426854147
2024-12-09,11625.0,13224.0,11683.0,543.5,79.82,0,1.9,0,8.89,AUS_PARADIP_PANAMAX,Panamax,synthetic_public_proxy,11196.0,10464.0,10619.0,11471.0,10673.0,8245.0,13724.0,10548.0,12767.0,13181.0,15000.0,9442.0,521.5,536.7,509.6,508.4,513.7,442.4,9.62,8.29,9.53,9.37,8.57,7.41,10976.0,535.1616578193863,9851.5,1500.565741797223,527.825,15.238410897031093,505.3666666666666,30.03526210468207,9.0825,0.6202889111804819,9.280000000000001,0.7668352910739514,154.0,3380.0,35.10000000000002,5.838714,-1.190000000000012,0.9354907342399644,50,12,-0.2393156642875578,0.970941817426052
2024-12-16,11295.0,11215.0,10698.0,561.3,79.38,0,1.2,0,10.2,AUS_PARADIP_PANAMAX,Panamax,synthetic_public_proxy,11625.0,11196.0,10464.0,10619.0,9764.0,7551.0,13224.0,13724.0,10548.0,12767.0,12528.0,8616.0,543.5,521.5,536.7,509.6,519.9,448.1,8.89,9.62,8.29,9.53,9.4,9.01,11145.0,489.6468114876211,10163.5,1361.5478157399855,540.75,16.50080806102388,514.8000000000001,28.130378273641526,9.25,0.8347854015654591,9.379166666666666,0.8047524558220517,676.0,3744.0,51.69999999999993,6.3181875,-2.0500000000000114,0.776162615716772,51,12,-0.12053668025532363,0.992708874098054
2024-12-23,11201.0,13347.0,11499.0,533.3,79.43,0,1.1,0,9.91,AUS_PARADIP_PANAMAX,Panamax,synthetic_public_proxy,11295.0,11625.0,11196.0,10464.0,9559.0,7046.0,11215.0,13224.0,13724.0,10548.0,11241.0,6936.0,561.3,543.5,521.5,536.7,507.7,452.5,10.2,8.89,9.62,8.29,11.21,8.48,11329.25,202.3567394479214,10509.75,968.1692306057568,539.9,16.8625818505575,521.5333333333333,20.49702121743208,9.655,0.5622869967079214,9.498333333333333,0.7643634705764158,737.0,4155.0,-3.400000000000091,6.339883499999999,-1.2399999999999949,0.7634578644916911,52,12,6.432490598706546e-16,1.0
2024-12-30,10062.0,11171.0,10002.0,559.7,78.47,0,2.5,0,8.33,AUS_PARADIP_PANAMAX,Panamax,synthetic_public_proxy,11201.0,11295.0,11625.0,11196.0,9913.0,8337.0,13347.0,11215.0,13224.0,13724.0,13282.0,11354.0,533.3,561.3,543.5,521.5,521.5,481.3,9.91,10.2,8.89,9.62,9.72,9.27,11045.75,680.5690633580061,10653.5,709.8358965287813,549.45,13.437633720267982,528.0666666666667,18.942896645796186,9.3325,0.8730931603596523,9.42,0.8348108114472399,-1134.0,1725.0,38.200000000000045,5.9734932999999995,-1.8900000000000006,0.2037481667349061,1,12,0.12053668025532305,0.992708874098054
